,id,node_name,latitude,longitude
0,301,경복궁역 7번출구 앞,37.575794,126.971451
1,302,경복궁역 4번출구 뒤,37.575947,126.97406
2,303,광화문역 1번출구 앞,37.57177,126.974663
3,304,광화문역 2번출구 앞,37.572113,126.977577
4,305,종로구청 옆,37.572582,126.978355
5,306,광화문역 7번출구 앞,37.570808,126.976433
6,307,서울역사박물관 앞,37.57,126.9711
7,308,광화문 S타워 앞,37.569969,126.973938
8,309,광화문역 6번출구 옆,37.569889,126.976456
9,314,국립현대미술관,37.579708,126.980858
10,316,종각역 1번출구 앞,37.570396,126.981789
11,326,안국역 5번출구 앞,37.576241,126.98616
12,327,낙원상가 옆,37.573357,126.987465
13,328,탑골공원 앞,37.570396,126.98819
14,329,청계2가 사거리 옆,37.568344,126.987892
15,334,종로3가역 2번출구 뒤,37.570599,126.991791
16,335,종로3가역 15번출구 앞,37.570198,126.991257
17,337,창경궁 입구,37.578979,126.996475
18,338,세운스퀘어 앞,37.570957,126.997124
19,339,종로4가 사거리,37.571068,126.998192
20,340,혜화동 로터리,37.585629,127.000679
21,341,혜화역 3번출구 뒤,37.58157,127.001785
22,342,대학로 마로니에공원,37.579784,127.002533
23,343,예일빌딩(율곡로) 앞,37.575432,127.004982
24,344,성균관대 E하우스 앞,37.574036,127.006721
25,345,서울보증보험본사 앞,37.573307,127.00071
26,348,독립문역 사거리,37.572029,126.960785
27,349,사직동주민센터,37.576332,126.96859
28,351,청운초교 앞 삼거리,37.585079,126.970619
29,352,중앙고입구 삼거리,37.583416,126.985237
30,353,재동초교 앞 삼거리,37.579388,126.984947
31,354,포르투갈 대사관 앞,37.579155,126.98896
32,355,서울사대부속초교 앞,37.576508,127.002457
33,356,KT혜화지사 앞,37.577145,127.00206
34,358,성대입구 사거리,37.5825,126.998535
35,359,원남동사거리,37.576061,126.997681
36,361,동묘앞역 1번출구 뒤,37.573242,127.015907
37,362,청계8가 사거리,37.572224,127.022705
38,363,신설동역 11번출구 뒤,37.57576,127.022835
39,364,창신역 1번출구 앞,37.579334,127.015083
40,367,독립문역 3-1번출구,37.573849,126.958694
41,368,SK 서린빌딩 앞,37.569248,126.980537
42,369,광화문 시민열린마당,37.575493,126.9785
43,385,종각역 5번출구,37.569836,126.982658
44,388,동성중학교 앞,37.585735,127.00161
45,393,동대문역 8번 출구,37.570141,127.009377
46,394,경희궁 자이 3단지,37.56749,126.965919
47,395,경희궁 자이 2단지,37.568855,126.964561
48,397,종묘공영주차장 건너편,37.57048,126.996635
49,446,상명대입구,37.600128,126.957832
50,447,신영동삼거리,37.603992,126.961945
51,449,일성아파트,37.608719,126.972862
52,450,효자동 삼거리,37.583603,126.972549
53,451,청와대앞길,37.583515,126.979668
54,452,동대문 종합시장 버스정류장,37.571239,127.00441
55,453,종로오가 지하쇼핑센터 14번출구,37.57114,127.000671
56,454,종로2가 버스정류장 (종각방향),37.570358,126.986382
57,455,삼익한의원,37.570961,127.006058
58,456,숭인2동 주민센터 입구 (이강3대냉면),37.574471,127.019829
59,457,종로꽃시장 입구 옆,37.57132,127.00721
60,458,광화문역 5번출구,37.569939,126.977539
61,461,서울지방경찰청,37.574364,126.972366
62,462,신영동삼거리(북악터널방향),37.603512,126.962067
63,464,삼청동 골목,37.58419,126.981697
64,465,삼청공원 앞,37.587605,126.983597
65,486,평창동주민센터 앞,37.60629998,126.9687026
66,3401,창신두산아파트,37.573761,127.013939
67,3402,이화공영주차장,37.576607,127.00557
68,3403,서울특별시 교육청,37.569508,126.967011
69,3404,서울특별시 중부교육지원청,37.571854,127.002358
70,3405,파크팰리스,37.574551,126.970551
71,3406,세종로공원,37.574059,126.9758
72,3407,안국동사거리(신),37.575806,126.983391
73,3408,종로타워빌딩,37.570511,126.983368
74,3410,종로3가역 8번출구,37.572037,126.991844
75,3411,종묘,37.570702,126.994812
76,3412,세운상가,37.570313,126.994545
77,3413,종로플레이스,37.5732,126.997963
78,3414,종로5가역 4번출구,37.571175,127.002228
79,3415,동대문역6번출구,37.57146817,127.0106973
80,3416,동묘앞역 6번출구,37.571533,127.015617
81,3417,창신3동주민센터,37.577724,127.015251
82,3418,창신역2번 출구,37.579987,127.01506
83,3419,국립어린이과학관,37.581947,126.997368
84,3420,성균관대입구사거리(맥도날드),37.583275,126.998856
85,3421,혜화역 1번출구,37.583855,127.001854
86,3422,성균관대 정문,37.584797,126.997131
87,3423,현대그룹(본사),37.575836,127.000694
88,3425,광화문 풍림스페이스본 1단지앞,37.574848,126.968269
89,3426,독립문역 2번출구 뒤,37.575016,126.95755
90,3427,인왕산 아이파크 정문,37.576603,126.956749
91,3428,서울미술관,37.595127,126.963493
92,3429,AW컨벤션앞,37.59726,126.963089
93,3430,구기치안센터 앞,37.60854,126.957138
94,3431,로제우스 레포츠센터,37.607601,126.957687
95,3432,종로2가 사거리,37.569992,126.988342
96,4702,"평창동 꽃여울(꽃집),스타벅스 앞",37.60615748,126.9671913
97,4710,자교교회 앞,37.58158367,126.9716402
98,4711,올림픽기념 국민생활관 로터리,37.58981838,126.9993994
99,300,정동사거리,37.56805,126.969231
100,310,청계광장 옆,37.568878,126.97747
101,311,서울광장 옆,37.566612,126.97747
102,312,시청역 1번출구 뒤,37.564674,126.976738
103,318,광교사거리 남측,37.568527,126.982552
104,320,을지로입구역 4번출구 앞,37.566223,126.983589
105,321,KEB 하나금융그룹 명동사옥 옆,37.565464,126.984138
106,322,명동성당 앞,37.564476,126.986969
107,324,신세계백화점 본점 앞,37.56134,126.9804
108,331,을지로2가 사거리 북측,37.566383,126.987206
109,332,을지로2가 사거리 남측,37.56599,126.987793
110,336,티마크 호텔 앞,37.562618,126.992836
111,346,맥스타일 앞,37.569183,127.00988
112,347,동대문역사문화공원역 9번출구 앞,37.565331,127.007843
113,370,시청역(2호선) 9번출구 뒤,37.563229,126.974838
114,371,동대입구역 6번출구 뒤,37.558872,127.005539
115,372,약수역 3번출구 뒤,37.554295,127.0112
116,373,청구 어린이공원,37.555859,127.013855
117,374,청구역 2번출구 앞,37.560474,127.014076
118,375,다산 어린이공원,37.563717,127.018425
119,378,청계7가 사거리,37.569805,127.016953
120,379,서울역9번출구,37.556,126.973358
121,380,CJ제일제당 앞,37.563866,127.002747
122,381,장충체육관,37.558533,127.006989
123,382,약수역 10번출구 앞,37.555199,127.010048
124,383,신당역 12번 출구 뒤,37.565849,127.016403
125,384,종로학원본원,37.55978,126.968506
126,387,훈련원공원주차장 앞,37.566994,127.003464
127,389,을지로4가역 1번출구,37.56673,126.996605
128,390,충무로역 1번출구,37.56139,126.995354
129,391,정동길입구,37.565437,126.973305
130,398,을지로3가역 3번출구,37.566559,126.992439
131,399,서울역 센트럴 자이아파트,37.554108,126.965408
132,428,명보사거리,37.5644,126.991432
133,429,송도병원,37.549889,127.007347
134,430,KEB하나은행 장충동지점,37.562172,127.006264
135,431,청계천 영도교,37.5709,127.019524
136,433,을지로입구역 2번출구,37.566345,126.982292
137,434,신당 래미안 버스정류장,37.561489,127.023933
138,435,SK 남산빌딩,37.556862,126.975616
139,826,서울역 서부교차로2,37.555367,126.968643
140,441,염천교사거리,37.559891,126.97068
141,442,서울역 서부,37.553692,126.97216
142,443,호암아트홀,37.562111,126.970718
143,444,서울역3번 출구,37.557602,126.97258
144,445,대한상공회의소,37.560291,126.974548
145,466,롯데호텔,37.565842,126.979813
146,467,한국은행,37.562214,126.980866
147,468,웨스틴 조선호텔,37.564159,126.979485
148,469,회현역 1번출구,37.559231,126.980141
149,470,회현역 7번출구,37.55965,126.979889
150,471,회현사거리 남측,37.56036,126.982651
151,472,삼일교(시그니쳐 타워),37.567871,126.988983
152,473,을지로4가역 9번출구,37.566051,126.997986
153,474,동대문역사문화공원역 1번출구 뒤편,37.566299,127.008492
154,475,ddp패션몰,37.56765,127.01181
155,476,광희문,37.56443,127.009956
156,477,앰배서더 호텔 주변,37.559288,127.002686
157,479,동대입구역 3번 출구,37.559376,127.006027
158,480,약수역 6번 출구,37.554321,127.010704
159,481,신당역 10번 출구,37.567032,127.015793
160,482,예수소망교회,37.55994,127.018478
161,483,남산타운아파트 버스정류장,37.547585,127.006439
162,484,도동삼거리,37.555767,126.977188
163,485,서울역4번출구,37.557404,126.973251
164,3013,서울지방고용노동청 앞,37.56728087,126.9867634
165,4761,탐앤탐스 을지로3가점,37.56459538,126.9910535
166,4762,국제빌딩,37.56692117,126.9822535
167,4772,중앙일보,37.56248638,126.9721946
168,4774,을지로입구역 8번출구,37.56533738,126.9818401
169,4775,을지로지하쇼핑센터,37.56574228,126.9868287
170,4776,신세계면세점,37.56028197,126.9815318
171,4778,대신파이낸스센터,37.56509737,126.9874225
172,4784,중부경찰서앞 사거리,37.56469516,126.9903293
173,4785,롯데시티호텔,37.56681693,126.9877109
174,4791,명동역9번출구,37.56184107,126.9885225
175,800,목월공원 앞,37.532433,126.954742
176,802,한강진역 2번 출구 앞,37.541153,127.002213
177,803,한남초교 앞 보도육교,37.538139,127.004097
178,805,문배어린이공원 앞,37.536758,126.970001
179,806,전자랜드 본관 앞,37.533066,126.960732
180,807,서울역 12번 출구 앞,37.552277,126.972687
181,808,서빙고동 금호맨션 앞,37.520504,126.989738
182,809,한남 유수지 복개주차장,37.530167,127.007439
183,810,이태원지하보도,37.53841,126.986649
184,811,녹사평역1번출구,37.53508,126.985382
185,812,용산전쟁기념관,37.53484,126.977661
186,813,삼각지역 3번출구,37.533512,126.972275
187,815,LIG강촌아파트 103동앞,37.518509,126.978798
188,816,신용산역 6번출구 앞,37.530148,126.968483
189,817,삼각지역 4번출구 앞,37.533451,126.971733
190,818,숙명여대 입구 교차로,37.544895,126.969383
191,819,선린인터넷 고등학교,37.541653,126.970505
192,820,청파동입구 교차로,37.549026,126.971947
193,822,이촌1동 마을공원,37.522041,126.965523
194,823,효창동주민센터 앞,37.54232,126.96196
195,825,서빙고동 주민센터 앞,37.520336,126.994263
196,827,국군복지단,37.541885,126.97966
197,828,숙대입구역 8번,37.544079,126.972
198,829,베르가모앞,37.52293,126.961693
199,830,청암자이아파트앞,37.534424,126.94857
200,831,이태원관광특구입구,37.534279,126.988564
201,832,이촌1동 주민센터 뒤,37.521282,126.973465
202,834,효창공원앞역 3번출구 뒤,37.539009,126.96138
203,835,남영역 건너편,37.541981,126.971542
204,836,현대자동차서비스 앞,37.531422,126.9515
205,837,한남나들목 입구,37.52906,127.006729
206,838,숙대입구역 4번출구,37.54446,126.972389
207,839,보광동 삼성리버빌아파트 앞,37.52401,127.00145
208,840,용산 파크타워 앞,37.523651,126.970268
209,841,신용산역 1번 출구,37.52961,126.968872
210,843,녹사평역 광장,37.533798,126.98867
211,844,이촌2동 동원베네스트 아파트 앞,37.527149,126.955162
212,845,용산 선인상가,37.5327,126.964378
213,846,용산중학교,37.546638,126.981041
214,847, 국방부민원실옆,37.534523,126.977501
215,848, 삼각지12번 출구,37.535259,126.975052
216,849, 삼각지 자이아파트,37.536079,126.973419
217,850, KCC용산월츠타워 ,37.537399,126.968926
218,851,효창 푸르지오 앞,37.540478,126.958115
219,852,청암자이APT(103동),37.534527,126.947182
220,853,용산역 맞은편,37.528568,126.965691
221,854,HID 유족동지회 앞,37.538727,127.001549
222,855,이촌역5번출구 앞,37.522724,126.972771
223,857, 현대 안성타워,37.535023,126.998055
224,858,녹사평역3번 출구,37.534409,126.986893
225,859,남산공원 야외식물원 앞,37.541885,126.995865
226,860,LG한강 자이아파트 앞,37.520695,126.970978
227,863,이촌역2번 출구,37.52177,126.977005
228,864,순천향대학병원(한남오거리),37.535141,127.006004
229,865,하얏트호텔 앞,37.540794,126.997849
230,866,브라운스톤 남산아파트,37.551548,126.97686
231,867,서빙고역 광장(1번출구),37.519909,126.989235
232,868,롯데하이마트 용산점 앞,37.53722,126.965019
233,869,노들섬 동측 앞,37.517296,126.959145
234,870,노들섬 서측 앞,37.517319,126.958298
235,4602,숙명여대앞 버스정류소 주변,37.54501006,126.9642216
236,4604,원효로다목적체육관 앞,37.53275617,126.9570249
237,4605,"노들섬 다목적홀(동쪽) 숲, 앞",37.51742899,126.9592568
238,4616,신용산지하차도 앞,37.53244566,126.9642569
239,4617,동원베네스트 건너편,37.52756943,126.9552228
240,4618,풍전아파트 건너편,37.53180838,126.951625
241,4627,효창공원앞역 5번출구 옆,37.5389092,126.9622572
242,3511,응봉역 1번출구,37.55125,127.035103
243,3513,상왕십리역 1번출구,37.56461,127.029198
244,3514,왕십리교회옆,37.566261,127.023697
245,3515,서울숲 관리사무소,37.542816,127.042084
246,3525,금호스포츠센터앞,37.546089,127.02507
247,3527,왕십리 자이아파트,37.56179,127.024391
248,3530,왕십리자이아파트 후문(삼거리),37.560146,127.02636
249,3531,논골사거리(금호도서관 입구),37.554779,127.024841
250,3532,왕십리KCC스위첸아파트,37.56068,127.026779
251,3538,서울숲 IT캐슬,37.550892,127.044762
252,506,금호 어울림 아파트 앞,37.549061,127.057793
253,507,성수아이에스비즈타워 앞,37.548203,127.057114
254,508,성수아카데미타워 앞,37.545166,127.05751
255,509,이마트 버스정류소 옆,37.539654,127.052589
256,510,서울숲 남문 버스정류소 옆,37.541222,127.0438
257,511,서울숲역 4번 출구 옆,37.544582,127.044609
258,512,뚝섬역 1번 출구 옆,37.548561,127.045006
259,513,뚝섬역 5번 출구 정류소 옆,37.546307,127.049805
260,514,성수사거리 버스정류장 앞,37.54258,127.063309
261,518,청계천 박물관 앞,37.571526,127.035355
262,519,양지사거리,37.566994,127.029915
263,520,상왕십리역 4번 출구 앞,37.563858,127.030319
264,521,왕십리역 11번 출구 앞,37.561447,127.03492
265,522,금호역 1번출구 앞,37.548641,127.016426
266,523,옥수동성당 옆,37.543663,127.014061
267,524,래미안금호하이리버 아파트 102동 옆,37.5522,127.025055
268,525,한양대병원사거리,37.558052,127.040352
269,526,용답토속공원 앞,37.563511,127.056725
270,529,장한평역 8번 출구 앞,37.561371,127.06366
271,530,청계벽산아파트 앞,37.568748,127.030403
272,533,우리은행 금호동 지점 앞,37.548149,127.021088
273,534,금호사거리,37.548634,127.025726
274,535,응봉삼거리,37.553986,127.033592
275,536,행당역 2번출구 앞,37.55735,127.029213
276,537,한양대후문역 부근,37.560356,127.041397
277,538,답십리역 8번출구 앞,37.56765,127.051155
278,550,서울시설공단 앞,37.57164,127.03566
279,556,달맞이공원,37.542053,127.020401
280,557,도선동 주민센터 앞,37.567642,127.025696
281,558,성동광진 교육지원청 앞,37.564606,127.036522
282,559,왕십리역 4번 출구 건너편,37.561096,127.036797
283,560,비전교회 앞,37.551205,127.068932
284,561,서울숲역 2번출구 앞,37.542816,127.04467
285,562,군자지하보도 앞,37.559246,127.07341
286,563,성동세무서 건너편,37.547913,127.062752
287,564,금호역 3번출구,37.547928,127.015572
288,565,옥수역 3번출구,37.541363,127.017662
289,567,성수역 2번출구 앞,37.54459,127.057083
290,568,청계8가사거리 부근,37.571102,127.02356
291,569,응봉현대아파트 정류소,37.549583,127.030243
292,578,성동세무서 부근,37.548286,127.062088
293,579,마장역 4번출구,37.565205,127.041847
294,581,용답초등학교,37.561012,127.054237
295,582,경일중학교 앞,37.543179,127.04908
296,583,청계천 생태교실 앞,37.56797,127.04689
297,583,청계천 생태교실 앞,37.56930748,127.0443634
298,585,성수2가1동 공영주차장 인근,37.536808,127.055489
299,586,마장동 주민센터,37.565941,127.045395
300,587,유니베라 앞,37.545418,127.052643
301,589,성수역3번출구,37.544159,127.056656
302,594,중랑물재생센터(서울새활용플라자),37.558365,127.056908
303,3544,한양대역 3번 출구,37.554539,127.043778
304,3545,한양대역 1번출구,37.55658,127.043358
305,3547,상왕십리역 6번 출입구,37.564381,127.02887
306,3548,뚝섬역 6번출구,37.546959,127.047669
307,3549,건영아파트 앞,37.555141,127.071106
308,3550,금호나들목,37.544041,127.023201
309,3551,성동도로사업소,37.559799,127.056328
310,3552,서울숲 공영주차장앞,37.541958,127.04277
311,3553,마장역3번출구,37.565979,127.043114
312,3555,양지사거리(센트라스APT 115동앞),37.566818,127.029152
313,3556,신금호파크자이APT앞,37.555313,127.019791
314,3557,서울숲리버뷰자이APT105동 앞,37.55653,127.039131
315,3558,마장동 금호어울림APT앞,37.563396,127.04187
316,3559,성동구민종합체육센터 앞,37.54591,127.044601
317,3560,성동구 견인차량 보관소 앞,37.563709,127.05645
318,3561,행당동 삼부APT후문,37.559269,127.038399
319,3600,사근빗물펌프장 건너편,37.56141399,127.0497081
320,4353,코오롱디지털타워 3차앞,37.54691593,127.0501027
321,4360,르노삼성자동차 성수사업소 앞,37.54831306,127.0596291
322,4362,행당중학교 후문,37.55393946,127.0415282
323,3500,군자역2번출구,37.557587,127.079697
324,3501,광진구청 앞,37.539501,127.083
325,3502,중곡역 1번출구,37.565659,127.084297
326,3503,광진유진스웰,37.550488,127.108955
327,3504,원일교회,37.538052,127.076599
328,3505,신양초교앞 교차로,37.535221,127.068398
329,3506,영동대교 북단,37.537014,127.061096
330,3507,어린이회관,37.545952,127.078003
331,3508,화양사거리,37.548222,127.067879
332,3509,세종사이버대학교,37.553417,127.073196
333,3510,중곡SK아파트앞,37.568649,127.08625
334,3516,구의아리수정수센터앞,37.543705,127.093246
335,3517,용마사거리,37.562527,127.082275
336,3518,군자역 7번출구뒤,37.556862,127.07914
337,3520,광진경찰서,37.542519,127.084084
338,3521,현대홈타운 뒷길,37.543427,127.096619
339,3523,건국대학교 과학관(이과대) 앞,37.541718,127.08017
340,3524,세종대학교,37.550236,127.073822
341,3528,광진정보도서관,37.550598,127.110512
342,3529,어린이대공원정문,37.549789,127.075928
343,3533,건대입구역 사거리(롯데백화점),37.539139,127.070618
344,3534,건대입구역 5번출구 뒤,37.540138,127.069283
345,3535,중곡사거리(국민은행),37.559158,127.087517
346,3536,중앙농협(자양동),37.531811,127.080742
347,3537,아차산 휴먼시아 아파트 옆,37.548489,127.093758
348,3541,커먼그라운드,37.54504,127.089958
349,3542,래미안 구의파크 스위트,37.54504,127.089958
350,500,어린이대공원역 3번출구 앞,37.54707,127.074272
351,501,광진구의회 앞,37.537308,127.070351
352,502,뚝섬유원지역 1번출구 앞,37.53186,127.067192
353,505,자양사거리 광진아크로텔 앞,37.53701,127.082245
354,515,광양중학교 앞,37.530235,127.08683
355,516,광진메디칼 앞,37.548405,127.069366
356,539,군자교교차로,37.559795,127.074203
357,540,군자역 7번출구 베스트샵 앞,37.55603,127.078644
358,542,강변역 4번출구 뒤,37.535465,127.094482
359,543,구의공원(테크노마트 앞),37.535969,127.094673
360,544,광남중학교,37.54073,127.102905
361,546,잠실대교북단 교차로,37.532478,127.085091
362,548,자양나들목,37.52977,127.07486
363,549,아차산역 3번출구,37.551224,127.089706
364,551,구의삼성쉐르빌 앞,37.540062,127.094498
365,552,대림아크로리버 앞,37.536579,127.092972
366,553,중곡 성원APT 앞,37.571255,127.079803
367,555,구의3동주민센터,37.537849,127.092171
368,571,어린이대공원역6번출구,37.548496,127.07476
369,572,국립정신 건강센터 앞,37.56538,127.08651
370,573,구의문주차장 앞,37.545231,127.084732
371,574,아차산역4번출구,37.551849,127.088982
372,575,중앙농협 중곡지점,37.564293,127.086937
373,576,광나루역 3번 출구,37.54483,127.104263
374,577,광진청소년수련관,37.546547,127.106133
375,584,광진광장 교통섬,37.547829,127.072632
376,588,뚝섬 유원지역,37.532688,127.067497
377,590,건국대학교 (입학정보관),37.53989,127.073364
378,591,건국대학교 (행정관),37.542778,127.075371
379,592,건국대학교 학생회관,37.541912,127.077637
380,593,자양중앙나들목,37.528587,127.077873
381,3543,세종대학교(학술정보원),37.551373,127.07444
382,3563,구의7단지현대아파트,37.53651,127.091393
383,3564,나루마당,37.547752,127.095757
384,3566,우성4차아파트,37.535072,127.076111
385,3569,건대병원후문,37.539566,127.072441
386,3570,구의역 리버비스타 오피스텔,37.538097,127.08902
387,3571,화양 APT(횡단보도 옆),37.54435,127.065407
388,3573,광나루안전체험관,37.551338,127.076714
389,3575,자양사거리 (LG 유플러스),37.536575,127.082581
390,3578,중곡동 파크웨이빌딩,37.555008,127.085815
391,3579,광진 캠퍼스시티,37.54789,127.067452
392,3581,광진광장,37.54747,127.073967
393,3582,화양동 우체국,37.547989,127.069504
394,3586,군자역 비채온 오피스텔,37.557713,127.077271
395,3587,우성식품 앞,37.54224338,127.0940959
396,3588,세종대학교(영실관),37.55179769,127.0736337
397,600,휘경2동 주민센터,37.589912,127.06868
398,601,용신동주민센터,37.575947,127.037361
399,602,장안동 사거리,37.572174,127.071388
400,604,답십리초등학교 옆 공원,37.569656,127.055962
401,605,신설동역8번출구,37.5742,127.026497
402,606,휘경공고앞,37.584625,127.07029
403,607,신이문역 2번출구,37.602711,127.067863
404,608,전농삼성아파트,37.58131,127.055344
405,609,제기2교,37.587791,127.037361
406,610,동대문중 교차로,37.573086,127.052162
407,612,시립동부병원 앞 사거리,37.573666,127.030815
408,613,신설동역 10번출구 앞,37.575272,127.023468
409,614,용두동 사거리,37.577686,127.031013
410,615,용두동 래미안허브리츠아파트 앞,37.576382,127.03511
411,616,서울시립대 앞,37.582561,127.054367
412,617,청솔우성아파트 앞,37.574203,127.057693
413,621,동대문중학교 옆,37.574718,127.053391
414,622,전농사거리 교통섬,37.577793,127.057831
415,623,서울시립대 정문 앞,37.583698,127.053856
416,624,전농동 동아아파트 앞,37.574188,127.045891
417,625,답십리초등학교 앞(현대시장 옆),37.568192,127.057175
418,626,군자교 서측 녹지대,37.561153,127.070969
419,627,장안동삼거리 교통섬,37.578632,127.071907
420,628,휘봉고등학교 앞,37.586815,127.067543
421,630,동대문구 보건소,37.574852,127.040306
422,631,답십리역 1번출구,37.568184,127.051277
423,633,청량리 기업은행 앞,37.580406,127.044823
424,634,외국어대 정문 앞,37.59602,127.05983
425,635,시조사 앞 (청량고정문 옆),37.587517,127.052773
426,636,세종대왕기념관 교차로,37.5909,127.042587
427,637,KAIST 경영대학 앞,37.591614,127.045792
428,638,서울시립대 정보기술관,37.583008,127.060974
429,639,서울시립대 후문,37.585197,127.060951
430,640,KEB하나은행 청량리역지점,37.582455,127.044495
431,641,용두역 4번출구,37.573753,127.038536
432,642,신답역 사거리,37.570326,127.048372
433,643,동대문구민체육센터 (육교아래),37.566971,127.074417
434,646,장한평역 1번출구 (국민은행앞),37.561867,127.064377
435,647,신이문역 1번출구,37.602798,127.067268
436,648,장안동위더스빌옆,37.5667,127.062424
437,650,중랑교사거리,37.591534,127.067741
438,652,답십리 래미안엘파인아파트 입구,37.57653,127.065941
439,654,전농동 텃골공원,37.577621,127.052109
440,656,영휘원 교차로,37.587238,127.043137
441,657,동대문롯데캐슬아파트 앞,37.57576,127.04837
442,658,촬영소 사거리,37.572948,127.066147
443,659,제기역1번출구,37.57835,127.033386
444,660,동의보감타워,37.577999,127.037628
445,661,경희대학교 청운관,37.594601,127.051964
446,663,외대앞역 4번출구,37.594891,127.063026
447,664,서울시립대 대학본부,37.584129,127.057938
448,665,이문동 쌍용아파트 정문,37.599606,127.068642
449,666,이문대성유니드아파트 앞,37.603622,127.070831
450,667,청량차도 육교 밑,37.586594,127.046997
451,668,서울축산농협(장안지점),37.568653,127.069183
452,669,청계신한신휴플러스앞 삼거리,37.572048,127.044663
453,670,삼육서울병원 버스정류장,37.589687,127.061409
454,671,대광빌딩,37.577343,127.023377
455,672,대광고등학교,37.57859,127.02385
456,673,안암골벽산아파트(후문),37.58408,127.031036
457,674,고대앞사거리 교통섬,37.586552,127.033142
458,675,성복교회 앞 (장평교 아래),37.572025,127.077004
459,676,FITI시험연구원 앞,37.581432,127.035477
460,677,청량리역 4번 5번출구 사이,37.580151,127.045799
461,678,장안힐스테이트(아) 앞,37.576557,127.07431
462,679,전농SK아파트 앞,37.577877,127.061684
463,680,꿈마루어린이도서관 앞,37.592384,127.057411
464,681,서울특별시 동부교육지원청(육교),37.579838,127.056374
465,4102,휘경1동주민센터 앞,37.59275721,127.0656667
466,4103,휘경sk뷰아파트 앞,37.59384113,127.0678072
467,4104,외대앞역 교차로,37.59434069,127.0645852
468,4105,하나은행 장안동지점앞,37.56338653,127.0578661
469,4107,장안동근린공원 입구,37.57710056,127.071264
470,4108,답십리파크자이아파트 앞,37.56766143,127.0578525
471,4110,용두롯데캐슬리치아파트 앞,37.58015218,127.0300777
472,4112,신이문빗물펌프장 옆,37.59934217,127.069833
473,4113,한국국방연구원 앞,37.59273682,127.0406347
474,4116,이문e편한세상아파트 앞,37.60445525,127.0650076
475,4117,휘경119안전센터 앞,37.59075529,127.0656102
476,4121,서울문화재단 앞,37.57139857,127.0336897
477,4122,청계9가교차로 앞,37.57027079,127.029618
478,4123,배봉초교 교차로,37.57848709,127.0670803
479,1401,극동늘푸른아파트,37.614738,127.076363
480,1402,금란주차장 앞,37.600071,127.102333
481,1403,중화빌딩 앞 (동부시장),37.59425,127.076576
482,1404,동일로 지하차도,37.595299,127.080032
483,1405,망우역 1번출구,37.599098,127.092949
484,1406,망우청소년수련관,37.606251,127.108269
485,1407,먹골역 1번출구 뒤,37.611511,127.077888
486,1408,먹골역 6번출구 앞,37.610722,127.077477
487,1410,면목 대원칸타빌아파트,37.577782,127.090187
488,1411,상봉시장앞 교차로 한성빌딩 앞,37.592541,127.086739
489,1412,면목초등학교,37.590961,127.087067
490,1413,봉화산역 5번출구 뒤,37.617561,127.090309
491,1414,사가정역 1번출구,37.581646,127.088432
492,1416,상봉역 3번출구,37.595219,127.085999
493,1418,새솔초등학교,37.617989,127.110542
494,1420,신내어울공원 앞,37.614231,127.096764
495,1421,신내역 4번출구,37.612461,127.103378
496,1422,신내우디안아파트 1단지,37.620098,127.106461
497,1424,양원역 2번출구,37.606312,127.107742
498,1425,용마문화복지센터,37.58746,127.09597
499,1426,면목도시개발아파트 1동 앞,37.573589,127.086823
500,1427,용마산역 1번출구,37.574299,127.086914
501,1428,원묵고등학교,37.616024,127.085968
502,1429,장안중학교,37.599957,127.080002
503,1430,중랑구청,37.606152,127.092598
504,1431,중랑구청 사거리,37.606499,127.095451
505,1433,중화역 2번출구,37.602077,127.079582
506,1434,홈플러스 면목동점,37.579868,127.082367
507,1435,능산삼거리,37.608681,127.100792
508,1436,영풍마드레빌,37.605881,127.100632
509,1437,늘푸른공원 앞,37.58342,127.079926
510,1438,홈플러스 신내점 앞,37.616169,127.093483
511,1440,하나은행 면목지점,37.586372,127.08007
512,1441,신내능말공원,37.616711,127.110733
513,1442,(구)신한은행 중랑교지점,37.598591,127.079819
514,1443,구립망우청소년독서실,37.59552,127.098778
515,1444,면목4치안센터,37.574028,127.080544
516,1445,용마지구대,37.579941,127.079399
517,1446,중랑전화국 교차로,37.591301,127.08033
518,1447,면목역 3번출구,37.588902,127.08728
519,1448,코스트코 상봉점,37.597321,127.089798
520,1449,상봉역 1번출구,37.596558,127.085838
521,1450,화랑대역 7번출구,37.619625,127.085014
522,1451,중랑세무서,37.592758,127.07267
523,1452,겸재교 진입부,37.585655,127.07505
524,1453,중랑캠핑숲,37.604603,127.109253
525,1454,한국전력공사(동대문 중랑지사),37.607349,127.07859
526,1455,상봉역 2번 출구,37.596329,127.085899
527,1456,상아빌딩(우림시장 교차로),37.595112,127.100327
528,1457,동원사거리,37.58976,127.093239
529,1458,상봉터미널2,37.59734,127.093086
530,1459,용마한신아파트사거리,37.59734,127.093086
531,1461,동양엔파트 앞,37.593853,127.075073
532,1462,동부시장 북문 앞,37.593868,127.076523
533,1463,중랑구민회관,37.573887,127.084831
534,1464,중화역 4번출구,37.603054,127.079002
535,1465,중랑공영차고지 옆,37.613148,127.105148
536,1466,두산대림아파트 삼거리,37.618824,127.08757
537,1467,sk신내 주유소앞(용마산로),37.613621,127.101151
538,1468,먹골역 7번 출구,37.611477,127.077393
539,1469,먹골역 4번출구,37.609821,127.078133
540,1470,중화동 우리은행 앞,37.605202,127.078583
541,1471,동양쇼핑 정류소 앞,37.615353,127.078491
542,1472,영성빌딩(PAT),37.604084,127.079231
543,1473,중랑역 1번 출구(중화문화복지센터),37.594891,127.074951
544,1474,서울중랑우체국,37.595814,127.08284
545,1477,면목삼익아파트 앞,37.575985,127.079605
546,1478,홈플러스 상봉점 앞,37.597885,127.091263
547,1479,면목 홈플러스 2 ,37.581055,127.082092
548,1480, 용마지구대 옆,37.581112,127.080101
549,1302,한성대입구역6번출구 뒤,37.588764,127.00631
550,1303,돈암초교 입구,37.591694,127.012497
551,1304,만해공원,37.594402,126.99231
552,1305,성북구청,37.589329,127.016434
553,1306,한성대입구역2번출구,37.588448,127.006706
554,1308,안암로터리 버스정류장 앞,37.582592,127.028976
555,1314,정릉꿈에그린1단지 201동 앞,37.60244,127.011688
556,1315,고려사대부속중고 정문,37.607761,127.003281
557,1316,고려사대부속중고 건너편,37.607262,127.002838
558,1318,길음역 3번출구 뒤,37.603085,127.024788
559,1319,종암사거리 분수대,37.603043,127.033272
560,1320,LG베스트샵 종암점,37.59827,127.035027
561,1321,국민은행 종암동지점 앞,37.593288,127.036667
562,1322,래미안라센트아파트 103동 앞,37.598068,127.039276
563,1323,월곡역 입구 육교 밑,37.600433,127.040207
564,1325,상월곡역 4번출구,37.605808,127.047737
565,1326,상월곡역 1번출구,37.606068,127.047318
566,1327,상월곡역 3번출구,37.607342,127.050682
567,1328,월곡역 3번출구,37.602627,127.041634
568,1332,석계역 5번출구 건너편,37.613556,127.066093
569,1333,석관초등학교 앞,37.610523,127.059799
570,1334,석관동주민센터 앞,37.612999,127.06131
571,1336,성북3교 위,37.591251,127.014008
572,1337,돈암성당 옆,37.590382,127.017136
573,1338,용문2교 옆,37.586899,127.020752
574,1339,삼성전자서비스 성북센터,37.610569,127.033508
575,1340,광운초등학교 앞,37.61956,127.053802
576,1342,성북쉼터 앞,37.592617,126.997932
577,1343,한성대7번출구 앞,37.589249,127.007378
578,1344,아리랑시네센터 앞,37.600288,127.013702
579,1346,길음8골어린이공원 옆,37.608978,127.020248
580,1347,길음래미안아파트817동 상가 앞,37.607105,127.0215
581,1348,성북제일새마을금고 본점 앞,37.604752,127.022758
582,1349,월계2교 버스정류장 앞,37.623829,127.050201
583,1351,안암2교 옆,37.579449,127.024193
584,1352,e 편한세상 보문아파트 내,37.583881,127.017097
585,1353,금호어울림센터힐 내,37.60083,127.023552
586,1354,고려대학교 2번출구,37.590714,127.036194
587,1355,보문2교,37.588699,127.018913
588,1357,북한산보국문역,37.612072,127.008133
589,1358,정릉도서관 앞,37.60479,127.010582
590,1359,장위뉴타운 꿈에 숲 코오롱 하늘채 앞,37.619801,127.045097
591,1360,정릉역,37.603096,127.013504
592,1361,홍익중고 입구,37.592842,127.002121
593,1362,보문역6번출구 앞,37.585098,127.019676
594,1363,보문4교 인근,37.583752,127.02195
595,1364,성북동 치안센터 앞,37.590172,127.004089
596,1365,선잠단지 앞,37.593361,126.999092
597,1366,일신초등학교 옆,37.59972,127.040382
598,1367,길음문화복합미디어센터,37.603512,127.02256
599,1368,성신여대입구 교차로,37.59148,127.020103
600,1369,미아사거리,37.609131,127.030029
601,1370,복자사랑 피정의 집,37.59454,126.995209
602,1372,KEB은행 고대점,37.586445,127.031601
603,1373,성북구보건소 건너편,37.602291,127.038979
604,1375,생명의 전화 종합복지관 앞 교차로,37.603909,127.037376
605,1376,한국과학기술연구원 중문,37.600239,127.04538
606,1377,한국과학기술연구원 북문,37.603958,127.045341
607,1379,길음뉴타운푸르지오아파트 3단지,37.60936,127.018173
608,1380,월곡역 5번출구 앞,37.601086,127.041237
609,1381,석계역 4번출구 뒤,37.614784,127.067001
610,1382,월곡래미안아파트 입구,37.60839055,127.0362424
611,1384,성신여대입구역 5번출구,37.592827,127.016289
612,1385,성신여대입구역 3번출구 앞,37.592365,127.016289
613,1386,동선고가차도 초입,37.594158,127.018967
614,1388,커핀그루나루,37.590881,127.011704
615,1390,석관래미안아트리치,37.606461,127.061623
616,1391,성북청소년센터,37.617073,127.056244
617,1392,돈암삼성풍림아파트,37.597099,127.022629
618,1393,미아 구름다리,37.597778,127.021507
619,1394,길음뉴타운 래미안9단지,37.602417,127.019714
620,1395,레미안장위포레카운티(102동),37.618179,127.051834
621,1396,레미안장위퍼스트하이(513동),37.618443,127.051453
622,1501,"미아역 3번,4번 출구 사이",37.62608,127.026482
623,1503,이디야 커피 수유역점 앞,37.639278,127.026756
624,1504,다이소 삼양시장점,37.624157,127.018623
625,1506,강북문화예술회관,37.640327,127.013359
626,1509,서울북부수도사업소,37.634377,127.035751
627,1510,번동주공5단지 관리사무소 앞,37.633717,127.035515
628,1511,번동 금호어울림아파트102동앞,37.631123,127.036034
629,1512,강북중학교 앞,37.644737,127.026566
630,1513,강북구청 뒷편,37.639648,127.025124
631,1514,강북구청 사거리 버스정류소 앞,37.638805,127.028358
632,1515,송천동 주민센터,37.618286,127.024048
633,1516,우이초등학교 후문 옆,37.638706,127.015907
634,1518,SK telecom(수유직영점) 앞,37.643085,127.016167
635,1519,세븐일레븐 수유장미원점 앞,37.645451,127.015617
636,1520,성실교회,37.639862,127.022789
637,1522,월드전기조명인테리어(우이동),37.654472,127.012756
638,1525,미아동 복합청사,37.62714,127.026695
639,1526,수유동 채선당앞,37.641739,127.024628
640,1527,미아역 1번 출구 뒤,37.627335,127.026054
641,1528,삼각산동 주민센터,37.615036,127.020699
642,1529,미아동 한국전력공사,37.63018,127.02491
643,1530,광산사거리,37.643551,127.022346
644,1531,미아사거리 1번 출구,37.613956,127.030251
645,1532,번3동 주민센터 교차로,37.626354,127.047447
646,1533,"번동 주공3, 4단지 교차로",37.629917,127.040916
647,1534,북서울 꿈의 숲 동문,37.619637,127.044533
648,1535,효성인텔리안 앞,37.636292,127.023376
649,1536,번동 두산위브 101동 옆,37.636261,127.032173
650,1537,북한산 우이역,37.663666,127.012428
651,1538,솔밭공원역,37.656158,127.013138
652,1539,4.19민주묘지역,37.649673,127.013451
653,1540,가오리역,37.64167,127.016884
654,1541,삼양역,37.62653,127.018059
655,1542,삼양사거리역,37.621552,127.02037
656,1543,수유1동 주민센터,37.630188,127.017738
657,1545,솔샘역 2번 출구,37.62038,127.01368
658,1546,송천동우체국,37.615459,127.029701
659,1547,꿈의숲 롯데캐슬,37.618641,127.03624
660,1548,북서울 꿈의숲 서문,37.622688,127.037811
661,1550,삼각산아이원아파트(105동 옆),37.615223,127.018509
662,1551,4.19탑 앞,37.646862,127.008812
663,1552,강북구청사거리(던킨도너츠 앞),37.639202,127.027237
664,1553,예수그리스도후기성도교회 앞,37.635204,127.033966
665,1554,번동사거리,37.635391,127.034554
666,1557,신창교,37.632381,127.039307
667,1558,강북문화정보도서관,37.625526,127.037323
668,1560,도봉세무서 앞,37.619808,127.028526
669,1564,4.19민주묘지역 1번출구,37.649597,127.013847
670,1565,대한병원앞,37.635612,127.022995
671,1568,4.19민주묘지 입구사거리,37.647934,127.014572
672,1569,수유역2번출구,37.63797,127.025902
673,1571,북서울 꿈의숲 입구,37.62628615,127.0382364
674,1572,우이산 입구,37.664159,127.0117481
675,1573,현대성우아파트 옆,37.61679422,127.021946
676,1574,송중초등학교 옆,37.61686241,127.0305295
677,3703,신성교회 앞,37.61707988,127.027899
678,3707,드래곤타워 앞,37.63712418,127.0312982
679,3711,월계2교 교차로,37.62421911,127.0493341
680,3714,송천센트레빌,37.6121392,127.0249291
681,1702,녹천역 1번출구 앞,37.646172,127.05056
682,1703,도봉산광역환승센터앞,37.68972,127.045197
683,1705,도봉구청 정문앞,37.669224,127.046516
684,1706,기업은행 앞,37.665665,127.042671
685,1707,도봉구민회관,37.654461,127.038513
686,1708,보건소사거리(다비치안경창동점),37.65683,127.039848
687,1709,쌍문역4번출구 주변,37.650127,127.035347
688,1713,쌍문동 이안아파트 앞,37.65177193,127.0284433
689,1714,도봉문화정보도서관 삼거리,37.64463,127.044609
690,1715,서울특별시교육청도봉도서관,37.653179,127.012787
691,1716,하나로마트 창동점,37.654202,127.050728
692,1717,시립창동운동장 입구,37.655708,127.050102
693,1719,신도봉사거리 버스정류장,37.673283,127.043991
694,1720,도봉구청 옆(중랑천변),37.668671,127.047981
695,1721,창동역 2번출구,37.653015,127.046997
696,1722,창동청소년수련관,37.657799,127.050049
697,1723,방학동학마을도서관,37.662079,127.027718
698,1725,창1동주민센터,37.647503,127.043312
699,1726,삼익세라믹아파트교차로,37.658588,127.03521
700,1727,서울도봉초등학교인근,37.678677,127.040764
701,1728,서울북부지방법원,37.677666,127.046242
702,1729,파리바게트앞,37.68401,127.045792
703,1730,도봉산역 교차로 앞,37.687592,127.045502
704,1731,도봉고등학교 맞은편,37.6875,127.042557
705,1732,우리은행 앞,37.667599,127.042999
706,1733,방학사거리 (봄마당 앞),37.662979,127.041939
707,1734,쌍문현대1차아파트 108동 앞,37.65815,127.032669
708,1735,"도봉역 1,2번 출구사이 건너편",37.679119,127.044983
709,1736,버스정류장 앞,37.652241,127.037064
710,1737,하나은행 (창동점),37.639702,127.038834
711,1738,창동주공17단지 상가앞,37.646309,127.052742
712,1741,제일강산수산입구,37.645199,127.032982
713,1742,북한산 코오롱 하늘채,37.648891,127.023018
714,1743,창동19단지아파트 관리사무소앞,37.650391,127.052193
715,1744,KT방학지사 앞,37.665272,127.043144
716,1746, 다이소방학점 앞,37.666233,127.04332
717,1748, 피자헛 앞(도봉병원 옆),37.668983,127.043762
718,1749, ESA아파트 상가 앞,37.666271,127.04599
719,1750, 창포원 남쪽 입구,37.688267,127.048897
720,1751, 창원초등학교 교차로,37.652123,127.041702
721,1752, 창동 주공 4단지 입구 옆,37.645481,127.048576
722,1754, 창동시장입구 사거리,37.646896,127.033432
723,1756,서울북부광역등기국,37.651447,127.044708
724,1757,솔밭공원역 1번출구 앞,37.655685,127.013382
725,1758,북서울교회 버스정류소 앞,37.65728,127.013756
726,1759,서울북부지방법원 앞,37.677219,127.048637
727,1761,방학중학교 앞,37.665623,127.03109
728,1762,북한산 한신휴플러스APT앞,37.655338,127.042419
729,1765,쌍문역 1번 출구(양산부인과 빌딩),37.64967,127.035614
730,1767,태양중앙교회 앞,37.66251,127.033279
731,1768,신동아타워 버스정류소,37.662052,127.028755
732,1770,도봉한신아파트 주변,37.68523064,127.0498169
733,1771,성원APT버스정류소,37.657967,127.03009
734,1772,시립도봉노인복지관 버스정류소,37.658051,127.035759
735,1774,반석교회(쌍문동),37.651348,127.034729
736,1775,신원리베르텔 앞,37.651287,127.045548
737,4076,진영상운 앞 중랑천 변,37.66006175,127.0512837
738,1601,석계역 문화광장 내 자전거 보관소,37.615299,127.064468
739,1602,광운대역 앞,37.622662,127.061897
740,1605,헬스케어,37.631622,127.061615
741,1606,태릉입구역 3번출구,37.619171,127.074928
742,1608,공릉역 1번 출구 앞,37.626614,127.072754
743,1610,화랑대역 2번출구 앞,37.620369,127.083641
744,1611,과기대 입구(우),37.62994,127.076553
745,1616,하계2동 공항버스정류장 옆,37.635109,127.068329
746,1617,하계동 중평어린이공원 앞,37.63715,127.063271
747,1619,중계동 하나프라자빌딩 앞(중1-1),37.649021,127.076408
748,1620,중계동 노원구민체육센터 옆(중1-2),37.648209,127.070221
749,1625,상계역(4번출구),37.66,127.072968
750,1627,수락산역 4번출구,37.676941,127.055099
751,1628,노일초등학교 앞,37.673618,127.055252
752,1630,수연빌딩 앞,37.67625,127.055504
753,1634,당고개공원 대여소,37.669079,127.077591
754,1635,상계3.4동 주민센터 대여소,37.67271,127.08316
755,1636,백병원 사거리 농협은행 앞,37.649212,127.061768
756,1637,KT 노원점 건물 앞,37.654701,127.0634
757,1639,희성오피앙,37.680313,127.055069
758,1640,한내근린공원 북측,37.623863,127.068489
759,1641,한내근린공원 남측,37.621555,127.069511
760,1642,서울여대 남문,37.625435,127.088493
761,1643,태릉입구역 8번출구,37.617367,127.075211
762,1646,삼육대 입구,37.638489,127.107903
763,1650,중계근린공원내,37.63958,127.065102
764,1651,맥도날드 상계점 앞,37.672375,127.055992
765,1652,파르코 앞,37.68,127.05558
766,1653,노원역1번출구,37.6562,127.063622
767,1654,당고개입구 오거리,37.663792,127.075447
768,1655,공릉1단지아파트,37.631111,127.07016
769,1656,중앙하이츠 아파트 입구,37.654999,127.067436
770,1657,노원구청,37.654049,127.057327
771,1659,중계동 을지중학교,37.65033,127.071602
772,1660,서울시립과학관,37.642071,127.076622
773,1661,당현천근린공원,37.649639,127.065605
774,1662,노원역7번출구,37.654114,127.059151
775,1663,동해문화예술관앞,37.619381,127.057854
776,1664,노해근린공원내,37.649361,127.070442
777,1665,양지근린공원앞,37.647335,127.076424
778,1666,노원소방서인근,37.655781,127.071777
779,1667,중계중학교,37.654499,127.074387
780,1668,중계역 6번출구,37.645508,127.063255
781,1669,중계역 3번출구,37.643757,127.064987
782,1670,노원경찰서교차로,37.64341,127.071838
783,1671,인덕대학교,37.629349,127.054825
784,1672,상계동수락리버시티,37.688599,127.053406
785,1673,노원역 5번출구,37.653976,127.060974
786,1674,서울북부고용센터앞,37.653549,127.058083
787,1675,월계문화체육센터,37.626942,127.05513
788,1677,육군사관학교 앞,37.623165,127.0905
789,1678,성서대학교 밀알관,37.648438,127.064445
790,1679,삼육대 도서관,37.64283,127.106667
791,1680,삼육대 제3과학관,37.642654,127.108383
792,1681,현대6차 아파트,37.645802,127.08226
793,1682,중계종합사회복지관 교차로,37.656799,127.077606
794,1683,노원문화예술회관,37.650459,127.080887
795,1684,태릉입구역 5번출구,37.61832,127.07563
796,1685,불암고등학교 앞 횡단보도,37.64819,127.080482
797,1686,온수골사거리(스타벅스앞),37.66114,127.058052
798,1688,마들역 7번출구,37.665661,127.057297
799,1689,마들역 3번출구,37.665249,127.057892
800,1690,도봉운전면허시험장,37.65773,127.059311
801,1691,노원정보도서관,37.660709,127.065331
802,1692,온곡초교 교차로,37.664188,127.06601
803,1693,원자력 병원,37.628189,127.082108
804,1695,월계미륭아파트 정문,37.623417,127.066933
805,1696,수락리버시티4단지,37.686451,127.052834
806,1697,상계주공2단지 219동,37.650249,127.057152
807,1700,상계보람아파트 202동 ,37.665215,127.066139
808,2901,공릉동풍림아파트 101동,37.630001,127.065682
809,2902,공릉풍림아파트 108동,37.62862,127.06691
810,2903,월계초안아파트 1단지,37.633259,127.0439
811,2904,중계3차청구아파트,37.650505,127.073982
812,2905,중계주공6단지,37.648163,127.078987
813,2907, 월계중학교,37.630749,127.053108
814,2908, 광운대학교 중앙도서관,37.620003,127.058563
815,2909, 석계역 3번 출구,37.615459,127.067452
816,2910,도깨비시장,37.622093,127.074425
817,2911,상계역중앙시장,37.659233,127.072098
818,2912,대진고등학교,37.638191,127.073731
819,2913,상계8동 주민센터,37.666996,127.051529
820,2914,서울과학기술대학교(미래관),37.628925,127.081429
821,2915,서울과학기술대학교(어학교육원),37.635109,127.076599
822,2917,신창중학교 후문 맞은편 버스정류장,37.628071,127.046921
823,2919,등나무 근린공원(시립북서울미술관 앞) ,37.639996,127.066574
824,2920,상계중학교(당현2교사거리),37.651035,127.06871
825,2921,중계역 2번출구,37.645489,127.064583
826,900,은평예술회관,37.603943,126.927696
827,901,응암1동사무소,37.600975,126.926956
828,902,진관동 은빛초등학교,37.643108,126.918221
829,903,은평뉴타운 아이파크,37.645866,126.927391
830,904,은평뉴타운 푸르지오,37.648674,126.930702
831,905,구파발역 2번출구,37.636234,126.918999
832,906,연신내역 5번출구150M 아래,37.61721,126.919579
833,907,CJ 드림시티,37.599491,126.916862
834,908,구산역 4번출구,37.613186,126.917351
835,909,백련산 힐스테이트 3차,37.586994,126.922882
836,911,은평평화공원(역촌역4번출구),37.605583,126.922935
837,912,응암오거리,37.589661,126.916946
838,913,이마트 은평점,37.6007,126.920128
839,914,새절역 2번출구,37.590797,126.913651
840,915,증산역 4번출구,37.584381,126.909897
841,916,평생학습관 앞,37.607849,126.921326
842,917,녹번역 4번출구,37.601299,126.935349
843,919,서울혁신파크,37.607948,126.932503
844,921,신도고등학교,37.630016,126.919029
845,922,연신내역 4번출구,37.617802,126.921967
846,923,국민은행 연서지점,37.620949,126.925636
847,924,메뚜기다리,37.628517,126.929581
848,925,불광역 2번출구,37.609566,126.930977
849,927,연신내역 3번출구 인근,37.617855,126.922523
850,928,은평역사한옥박물관,37.641315,126.938042
851,930,구 서부경찰서 건너편,37.601662,126.920303
852,931,역촌파출소,37.604736,126.915337
853,932,예일여중,37.610004,126.916397
854,933,LG서비스 역촌점,37.612484,126.914879
855,934,신사동 성당,37.597141,126.909599
856,937,상림마을 롯데캐슬2단지 옆,37.645851,126.923798
857,938,금암 문화공원,37.644684,126.918457
858,939,은평구청 교차로,37.6017,126.927422
859,941,은평뉴타운 도서관,37.637222,126.933304
860,942,상림마을 생태공원,37.644081,126.929283
861,943,은평구청 보건소,37.602402,126.92865
862,945,기자촌 사거리,37.63414,126.932343
863,946,독바위역,37.618439,126.932884
864,947,연신내 선일하이츠빌 정류소,37.622669,126.919991
865,948,디지털미디어 시티역 4번출구,37.577202,126.902351
866,949,연신내역 1번 출구,37.619781,126.920807
867,950,구산역 2번 출구,37.610779,126.917351
868,952,서울연신중학교,37.62265,126.925247
869,953,서울연신초등학교,37.625778,126.928818
870,954,은평뉴타운구파발9단지,37.642609,126.921478
871,956,응암시장교차로,37.594376,126.918159
872,958,신한은행 응암동 지점 앞,37.600361,126.922813
873,959,구파발10단지 인근,37.643661,126.914558
874,960,구파발역 환승센터,37.638252,126.919456
875,961,불광역 9번 출구,37.61097,126.92981
876,962,은평뉴타운 힐데스하임,37.639259,126.918907
877,963,대호프라자아파트,37.614429,126.932579
878,964,북한산힐스테이트 7차아파트,37.616112,126.925041
879,965,서울특별시 은평병원,37.593479,126.923187
880,966,서울혁신파크1,37.609032,126.934677
881,967,서울혁신파크2,37.60891,126.932419
882,968,은평뉴타운 상림마을 13단지,37.64209,126.929413
883,969,은평 지웰테라스,37.64386,126.931877
884,971,역촌 센트레빌 아파트,37.602329,126.906548
885,972,수색역,37.58218,126.894943
886,973,제각말푸르지오 5-1단지 아파트,37.637348,126.935844
887,974,연신초등학교옆 마을마당,37.62672,126.929016
888,975,백련산 힐스테이트상가앞,37.590363,126.923012
889,976,진관고등학교앞,37.643509,126.924103
890,977,신도중학교앞,37.633102,126.931503
891,978,녹번 힐스테이트상가앞,37.601009,126.935928
892,979,원풍빌라앞,37.591862,126.906082
893,982,유니클로 은평점앞,37.604126,126.925087
894,984,상신초등학교앞 버스정류장,37.59581,126.910263
895,985,은평온누리약국앞,37.601192,126.926384
896,989,응암 꼬꼬닭치킨호프 앞,37.591812,126.914833
897,991,흥국사 정류장,37.656769,126.942009
898,992,북한산입구 정류장,37.658428,126.94606
899,993,은평뉴타운 온뜨락아파트앞,37.630287,126.919563
900,994,북한산생태공원입구(교통섬),37.610718,126.93911
901,995,은평다목적체육관,37.631409,126.925407
902,996,응암역 1번출구,37.598606,126.915405
903,4652,신사두산위브2차아파트앞,37.5988623,126.9075887
904,4653,LG 베스트샵 앞,37.61131121,126.9302131
905,4654,OK부동산 앞,37.58287403,126.8944379
906,115,마스타 빌딩 앞,37.558933,126.927116
907,116,일진아이윌아파트 옆,37.564541,126.927071
908,117,홍은사거리,37.59116,126.94133
909,123,문화촌 공원,37.59433,126.947388
910,128,신촌역(2호선) 1번출구 옆,37.555496,126.93634
911,131,증산2교,37.584171,126.911102
912,133,해담는다리,37.582031,126.908997
913,134,연세로 명물길,37.557892,126.93808
914,135,명물길 원형무대 앞,37.559101,126.939178
915,137,NH농협 신촌지점 앞,37.556812,126.943184
916,138,신촌동 제1공영주차장 앞,37.559177,126.934525
917,139,연세대 정문 건너편,37.559795,126.934479
918,140,이화여대 후문,37.560009,126.940735
919,141,연대 대운동장 옆,37.562382,126.932648
920,158,독립문 어린이 공원,37.571259,126.96048
921,159,이대역 4번 출구,37.556953,126.946342
922,160,북아현동 가구거리,37.557549,126.959381
923,161,무악재역1번 출구,37.582245,126.950645
924,162,봉원고가차도 밑,37.565269,126.946243
925,163,명지전문대학교 정문 앞,37.583698,126.924965
926,164,북가좌1동 주민센터,37.574478,126.910049
927,165,중앙근린공원,37.575138,126.91394
928,166,가재울 초등학교,37.573277,126.919678
929,167,연가초등학교 옆,37.57946,126.91713
930,169,북가좌 삼거리,37.573002,126.907799
931,170,가재울 뉴타운 주유소 옆,37.573112,126.922447
932,171,임광빌딩 앞,37.564724,126.967278
933,173,서대문역 8번출구 앞,37.564777,126.966148
934,175,홍연2교옆,37.578072,126.930817
935,176,명지대학교 도서관,37.581097,126.924026
936,177,북가좌 초등학교,37.577675,126.909805
937,178,증산3교 앞,37.579876,126.906349
938,179,가좌역 4번출구 앞,37.569122,126.914795
939,180,충정로역 7번출구 아래,37.559967,126.962463
940,188,홍은동 정원여중 입구,37.586388,126.935127
941,191,서우빌딩(바른학원),37.578892,126.910736
942,192,연서어린이공원,37.572227,126.923065
943,194,증산교 앞,37.577316,126.902969
944,195,모래내고가차도,37.567657,126.917809
945,196,연희교차로 인근,37.56612,126.925896
946,198,충정2교,37.562138,126.963776
947,3100,북성초교,37.557396,126.952164
948,3101,서대문구청,37.578381,126.936096
949,3102,연희삼거리,37.567966,126.931725
950,3103,홍제삼거리 북측,37.5867,126.94677
951,3104,e편한세상 신촌4단지 앞,37.558128,126.956207
952,3105,홍은센트레빌 아파트 앞,37.597149,126.93853
953,3106,홍남교 두바퀴쉼터,37.574909,126.926147
954,3107,연희초등학교 앞,37.56974,126.933327
955,3109,북한산더샾 106동 앞,37.592934,126.941292
956,3110,홍은 현대아이파크 아파트 202동 앞,37.589283,126.936943
957,3111,무악재역 4번 출구,37.582211,126.950165
958,3112,독립문역 5번 출구,37.57386,126.958298
959,3113,독립문역사거리,37.572205,126.959747
960,3114,충정로역 3번 출구,37.560463,126.965523
961,3115,북아현 치안센터 인근,37.561455,126.95575
962,3116,신촌역 4번출구,37.555504,126.937203
963,3117,이화여대 인문관 인근,37.564068,126.945328
964,3119,연희 브라운스톤 아파트 앞,37.565197,126.929855
965,3120,DMC엘가아파트 앞,37.569836,126.918091
966,3121,가좌삼거리,37.570652,126.912987
967,3122,북가좌삼거리2,37.574284,126.906464
968,3123,DMC파크뷰자이1단지 110동 앞,37.572388,126.915108
969,3124,DMC센트럴아이파크아파트,37.578121,126.921753
970,3125,연희파크푸르지오아파트 앞,37.575642,126.927826
971,3126,남가좌동 제2공영주차장,37.583344,126.922745
972,3127,홍은2파출소 옆,37.583336,126.936287
973,3128,동신병원 맞은편,37.581318,126.935997
974,3129,DMC래미안e편한세상203동옆,37.576263,126.911324
975,3130,가재울사거리,37.574348,126.918823
976,3131,연가교 교차로,37.572159,126.921188
977,3132,홍제교,37.591862,126.944214
978,3133,핀란드 타워앞,37.557114,126.948814
979,3134,SK리체블(상수도사업본부),37.561317,126.966583
980,101,(구)합정동 주민센터,37.549561,126.905754
981,102,망원역 1번출구 앞,37.555649,126.910629
982,103,망원역 2번출구 앞,37.554951,126.910835
983,104,합정역 1번출구 앞,37.550629,126.914986
984,105,합정역 5번출구 앞,37.550007,126.914825
985,106,합정역 7번출구 앞,37.548645,126.912827
986,107,신한은행 서교동금융센터점 앞,37.55751,126.918503
987,108,서교동 사거리,37.552746,126.918617
988,109,제일빌딩 앞,37.547691,126.919983
989,111,상수역 2번출구 앞,37.547871,126.923531
990,112,극동방송국 앞,37.549202,126.923203
991,113,홍대입구역 2번출구 앞,37.557499,126.923805
992,114,홍대입구역 8번출구 앞,37.55706,126.924423
993,118,광흥창역 2번출구 앞,37.547733,126.931763
994,119,서강나루 공원,37.545284,126.931053
995,120,신수동 사거리,37.545242,126.934113
996,121,마포소방서 앞,37.549767,126.933174
997,122,신성기사식당 앞,37.547459,126.938377
998,124,서강대 정문 건너편,37.55114,126.936989
999,125,서강대 남문 옆,37.549484,126.93895
1000,126,서강대 후문 옆,37.550411,126.943848
1001,127,현대벤처빌 앞,37.55352,126.936951
1002,129,신촌역(2호선) 6번출구 옆,37.555054,126.937569
1003,130,신촌역(2호선) 7번출구 앞,37.554859,126.936157
1004,136,대흥동 주민센터,37.556004,126.942299
1005,142,아현역 4번출구 앞,37.557201,126.955666
1006,143,공덕역 2번출구,37.544579,126.950218
1007,144,공덕역 8번출구,37.543579,126.951324
1008,145,공덕역 5번출구,37.54425,126.951637
1009,146,마포역 2번출구 뒤,37.539936,126.945824
1010,147,마포역 4번출구 뒤,37.539272,126.945915
1011,148,용강동 주민센터 앞,37.542347,126.943024
1012,150,서강대역 2번출구 앞,37.552956,126.934341
1013,151,망원1동주민센터,37.555687,126.905548
1014,152,마포구민체육센터 앞,37.55661,126.898018
1015,153,성산2교 사거리,37.564697,126.912613
1016,154,마포구청역,37.560909,126.905495
1017,155,가좌역1 번출구 뒤,37.56855,126.914513
1018,156,서울서부지방법원 앞,37.549904,126.955147
1019,157,애오개역 4번출구 앞,37.553001,126.956688
1020,181,망원초록길 입구,37.551342,126.902672
1021,182,망원2빗물펌프장 앞,37.551567,126.902847
1022,183,하늘채코오롱아파트 건너편,37.565166,126.919395
1023,184,SK망원동주유소 건너편,37.558949,126.907753
1024,185,마포 신수공원 앞,37.542545,126.934296
1025,186,월드컵공원,37.563965,126.898209
1026,199,서울 월드컵 경기장,37.566845,126.896446
1027,400,상암한화오벨리스크 1차 앞,37.587524,126.883003
1028,401,상암월드컵파크 10단지 앞,37.586189,126.881615
1029,402,상암월드컵파크 9단지 앞,37.582855,126.879822
1030,403,부엉이공원 앞,37.58559,126.884727
1031,405,DMC빌 앞,37.582657,126.885788
1032,406,상암월드컵파크 7단지 앞,37.581314,126.880585
1033,407,마포구 육아종합지원센터,37.580631,126.883675
1034,408,LG CNS앞,37.580811,126.88665
1035,409,누리꿈스퀘어 옆,37.579399,126.88916
1036,410,상암중학교 옆,37.577496,126.887772
1037,411,DMC홍보관,37.577995,126.891472
1038,412,DMC산학협력연구센터 앞,37.575802,126.890739
1039,413,상암월드컵파크 3단지 후문,37.571476,126.889687
1040,414,상암동주민센터 옆,37.57822,126.89447
1041,415,DMC역 9번출구 앞,37.577469,126.897362
1042,416,상암월드컵파크 1단지 교차로,37.575665,126.894447
1043,417,DMC역 2번출구 옆,37.575069,126.899918
1044,418,월드컵경기장역 3번출구 옆,37.570721,126.898979
1045,419,홈플러스 앞,37.56842,126.899429
1046,420,서울시 공공자전거 상암센터,37.566246,126.896179
1047,421,마포구청 앞,37.565903,126.901184
1048,422,문화비축기지,37.569084,126.894424
1049,424,롯데하이마트 (상암월드컵점),37.57362,126.898048
1050,425,DMC첨단산업센터,37.584503,126.885597
1051,426,서울신용보증재단,37.549061,126.954178
1052,427,성산시영아파트,37.569584,126.903816
1053,432,마포중앙도서관,37.563339,126.908203
1054,436,이대역 5번출구,37.556591,126.94619
1055,437,대흥역 1번출구,37.54821,126.941383
1056,438,성산2-1 공영주차장,37.56472,126.906769
1057,439,마포어린이공원,37.535751,126.944038
1058,440,하늘공원 입구,37.570006,126.881149
1059,487,신석초교앞 교차로 교통섬,37.54364,126.938309
1060,489,구룡근린공원,37.583336,126.8834
1061,490,가온문화공원,37.582077,126.887665
1062,491,월드컵파크 4단지,37.575977,126.888069
1063,492,성산시영아파트 후문,37.573135,126.901848
1064,493,홍대입구역 6번출구,37.556576,126.928856
1065,494,신수동주민센터,37.547245,126.935028
1066,495,염리초등학교 앞,37.542431,126.946999
1067,497,합정동주민센터 앞,37.551754,126.9123
1068,498,연남동주민센터 앞,37.564651,126.922127
1069,3002,벽산상암스마트큐브 ,37.565044,126.903603
1070,3003,래미안공덕3차아파트,37.548805,126.951073
1071,3005,마포구청 청사내,37.566246,126.902184
1072,3006, 상암월드컵파크5단지(상암중학교),37.57991,126.888237
1073,3007,MBC 앞,37.581947,126.890297
1074,3008,DMC역7번출구,37.577114,126.898361
1075,3009,서교동사거리,37.55584,126.920433
1076,3010,홍대입구역 3번출구,37.558296,126.925385
1077,3011,경의선(노고산동),37.553429,126.933792
1078,4202,프런트원(공덕역 4번출구 앞),37.54604,126.926727
1079,4205,디지털미디어씨티역4번출구,37.57529225,126.8999536
1080,4206,광흥창역5번출구,37.54737084,126.9316592
1081,4210,가좌행복주택 앞,37.56953694,126.9117055
1082,700,KB국민은행 염창역 지점 앞,37.546848,126.872772
1083,701,목동사거리 부근,37.532803,126.86393
1084,702,목4동주민센터 옆,37.532543,126.868729
1085,703,오목교역 7번출구 앞,37.524063,126.87558
1086,704,남부법원검찰청 교차로,37.523254,126.864906
1087,706,신정네거리역,37.521881,126.851753
1088,707,신정3동주민센터,37.515156,126.854897
1089,708,서울출입국관리사무소 앞,37.51897,126.869965
1090,709,신정3동 현장민원실 앞,37.511585,126.84156
1091,710,금옥여고보도육교,37.50971102,126.8443023
1092,711,신일해피트리아파트 앞,37.517059,126.848488
1093,712,강월초교입구 사거리,37.516998,126.838318
1094,713,양서중학교 옆,37.533047,126.829956
1095,714,한국SGI 양천문화회관 앞,37.532547,126.830803
1096,716,신정6동 주민센터 인근,37.517281,126.864334
1097,719,홍익병원앞 교차로,37.530369,126.864258
1098,720,서울강월초등학교 앞,37.516197,126.8349
1099,722,LG전자베스트샵 신정점,37.521435,126.857384
1100,723,SBS방송국,37.529163,126.872749
1101,724,계남공원 입구 주출입구 좌측,37.510681,126.857399
1102,725,양강중학교앞 교차로,37.524334,126.850548
1103,726,목동3단지 시내버스정류장,37.534389,126.869598
1104,729,서부식자재마트 건너편,37.51038,126.866798
1105,731,서울시 도로환경관리센터,37.5299,126.876541
1106,732,신월동 이마트,37.539551,126.8283
1107,733,신정이펜하우스314동,37.514099,126.831001
1108,734,신트리공원 입구,37.51395,126.856056
1109,735,영도초등학교,37.53643,126.871521
1110,736,오솔길공원,37.52219,126.8367
1111,737,장수공원,37.52256,126.84948
1112,739,신월사거리,37.536201,126.827797
1113,740,으뜸공원,37.536369,126.831711
1114,741,화곡로 입구 교차로,37.53952,126.825401
1115,742,등촌역 5번 출구 뒤,37.550732,126.864578
1116,743,현대6차아파트 101동 옆,37.5089,126.842682
1117,744,신목동역 2번 출구,37.543842,126.882545
1118,745,강서초등학교,37.522282,126.839699
1119,746,목동2단지 상가,37.536503,126.877747
1120,747,목동3단지 상가,37.53458,126.875648
1121,748,목동운동장,37.530251,126.879303
1122,749,이대 목동병원 앞,37.537228,126.886612
1123,750,연의근린공원 건너편,37.512157,126.835625
1124,752,성원2차 아파트,37.542183,126.863304
1125,754,목동1단지아파트 118동 앞 (월촌초등학교 정류소 옆,37.541142,126.876678
1126,755,목동1단지아파트 상가 앞 (월촌중학교 버스정류소 옆),37.537868,126.881409
1127,756,목동주차장,37.52668,126.876167
1128,757,신정이펜하우스 1단지아파트 입구 사거리,37.514278,126.828743
1129,758,한사랑교회 앞,37.514721,126.8592
1130,759,보아스아파트 앞,37.524071,126.8386
1131,760,잣절보도육교 아래,37.506821,126.844299
1132,762,오목로 무중력지대 앞,37.524551,126.877052
1133,763,목동11단지 아파트,37.510658,126.859161
1134,764,목동청소년수련관,37.531029,126.875893
1135,765,오목교역 3번출구,37.524776,126.875481
1136,766,신목동역 3번출구,37.54426,126.88325
1137,767,신정숲속마을아파트,37.505745,126.836311
1138,768,목동5단지아파트 501동,37.535919,126.882446
1139,769,CBS방송국 앞,37.527855,126.874672
1140,770,목동역5번출구 교통정보센터 앞,37.525715,126.864868
1141,771,목동아파트 703동 앞,37.527706,126.870064
1142,773,"염창역 3, 4번 출구 사이",37.546707,126.874573
1143,774,등촌역 4번 출구 ,37.549507,126.867218
1144,775,세종그랑시아 앞(102동),37.538376,126.863831
1145,776,목마공원,37.538742,126.885681
1146,777,신월6차보람아파트 앞,37.530128,126.834778
1147,779,양천나눔누리센터,37.518845,126.853684
1148,780,신정교 하부,37.516907,126.877586
1149,781,신정보도육교 아래,37.517593,126.876556
1150,782,서남병원 후문,37.511673,126.832741
1151,785,"양천구청, 보건소 사잇길",37.517326,126.866303
1152,786,목동아파트 8단지 상가동 앞,37.520439,126.868401
1153,787,양천아파트 입구,37.507904,126.862648
1154,788,양천구청역 2번출구 옆,37.512379,126.865555
1155,790,화곡고가 사거리,37.527607,126.848755
1156,791,현대하이페리온,37.52478,126.869835
1157,792,목동트라팰리스 웨스턴에비뉴,37.525372,126.870926
1158,793,목동5단지아파트 534동,37.53355,126.878143
1159,794,양천문화회관,37.516842,126.862953
1160,795,양천 해누리타운,37.515419,126.8638
1161,796,목동아파트 14단지 B상가 앞,37.514664,126.871941
1162,797,목동아파트 1422동 1434동 사잇길,37.515156,126.87249
1163,1101,개화동상사마을종점 버스정류장,37.581612,126.798599
1164,1102,방화사거리 마을버스 버스정류장,37.573643,126.811806
1165,1103,방화역 4번출구앞,37.577221,126.812195
1166,1105,방화근린공원,37.581623,126.812653
1167,1106,신방화사거리,37.573032,126.816452
1168,1108,공항시장역 2번출구 뒤,37.56356,126.81015
1169,1109,공항시장역 4번출구,37.563347,126.810486
1170,1110,공항중학교앞,37.562683,126.816238
1171,1111,마곡엠밸리6_7단지 마곡중학교,37.566982,126.8218
1172,1112,마곡엠밸리4단지 정문,37.568577,126.824776
1173,1113,서남환경공원 버스정류장,37.573093,126.822899
1174,1114,서남물재생센터 버스정류장,37.572781,126.826279
1175,1115,등촌역 1번출구옆,37.551666,126.86409
1176,1117,스타벅스앞,37.558197,126.844261
1177,1118,증미역 3번출구뒤(등촌두산위브센티움오피스텔),37.557461,126.861458
1178,1119,염창동 한마음아파트앞(염창동 빛나는 음악학원앞),37.554253,126.867561
1179,1120,대림경동아파트앞,37.565189,126.853996
1180,1121,가양레포츠센터앞,37.559479,126.86438
1181,1122,황금내근린공원,37.561932,126.863869
1182,1124,발산역 6번 출구 뒤,37.557968,126.838287
1183,1125,명덕고교입구(영종빌딩),37.552914,126.836571
1184,1126,우장산역 1번출구옆(우장산아이파크105동앞),37.548908,126.836563
1185,1127,화곡역(에이스정형외과앞) 버스정류장,37.540981,126.838547
1186,1128,화곡역 6번출구,37.541412,126.840225
1187,1129,화곡역 1번 출구 앞,37.542099,126.840218
1188,1130,화곡본동시장 버스정류장,37.542751,126.842621
1189,1131,꿈돌이공원 앞,37.546444,126.845459
1190,1132,등촌역 7번출구,37.551109,126.863708
1191,1135,강서구의회,37.546532,126.862549
1192,1136,등촌2파출소,37.544788,126.862
1193,1137,등촌2동주민센터,37.541431,126.86322
1194,1139,용문사 버스정류장,37.536991,126.863365
1195,1140,목동사거리 버스정류장,37.531399,126.863609
1196,1141,곰달래 문화복지센터 1-1,37.52906,126.84848
1197,1145,곰달래 문화복지센터 1-2,37.528919,126.848083
1198,1146,곰달래사거리,37.530338,126.838257
1199,1148,볏골공원,37.54147,126.84478
1200,1149,신방화역환승주차장,37.567284,126.818275
1201,1150,송정역 1번출구,37.56155,126.810478
1202,1151,마곡역1번출구,37.560234,126.823471
1203,1152,마곡역교차로,37.558666,126.826614
1204,1153,"발산역 1번, 9번 인근 대여소",37.55891,126.838097
1205,1155,기쁜우리복지관,37.56926,126.848419
1206,1157,강서구청,37.550659,126.84977
1207,1158,가양역 8번출구,37.561035,126.854813
1208,1159,서서울모터리움앞,37.565853,126.846596
1209,1160,양천향교역 7번출구앞,37.56768,126.840897
1210,1161,강서면허시험장앞,37.549694,126.819664
1211,1162,공항초등학교건너편,37.562679,126.820473
1212,1163,방화동강서기동대앞,37.570499,126.820084
1213,1165,마곡중학교 후문,37.568447,126.821648
1214,1166,강서구립등빛도서관,37.562569,126.842461
1215,1167,마곡수명산파크3단지 교차로,37.553467,126.825928
1216,1168,마곡엠밸리10단지 앞,37.560226,126.819069
1217,1169,염창역 1번 출구,37.547199,126.874489
1218,1170,강서구보건소 (삼성디지털 프라자),37.549179,126.868797
1219,1171,염창동 새마을금고 건너편 (모닝글로리),37.550049,126.873161
1220,1172,가양3동 주민센터,37.561249,126.86058
1221,1173,강서구청사거리(SH타워),37.556259,126.853317
1222,1174,강서구청사거리(부민병원),37.556599,126.851471
1223,1175,대한항공 인력개발센터,37.554379,126.857536
1224,1177,수명중?고교,37.55011,126.823677
1225,1178,개화산역 2번 출구,37.572472,126.806168
1226,1180,마곡엠밸리 15단지(1502동) 건너편,37.557468,126.82972
1227,1181,농수산식품공사 (강서지사),37.551044,126.818497
1228,1182,KBS 스포츠월드,37.556877,126.848808
1229,1183,KC 대학교,37.548321,126.853401
1230,1184,마곡13단지,37.55645,126.815979
1231,1185,등촌9단지,37.562901,126.849472
1232,1186,송정중학교,37.554729,126.816093
1233,1187,강서수산물도매시장,37.55302,126.818367
1234,1188,롯데중앙연구소,37.571381,126.828339
1235,1190,마곡역 교차로(2번출구),37.560501,126.826653
1236,1191,마곡역 교차로(NH농협),37.560242,126.827164
1237,1192,마곡수명산파크 209동 건너편,37.555538,126.826759
1238,1193,마곡센트럴타워 1차,37.559471,126.832077
1239,1194,센서텍㈜,37.563301,126.836823
1240,1195,코오롱One&Only타워,37.564129,126.834312
1241,1196,서울식물원(문화센터) 건너편,37.568241,126.835831
1242,1197,엠펠리체 호텔 건너편,37.560242,126.835808
1243,1198,LG 사이언스파크,37.56255,126.827438
1244,1199,우장산역 3번출구,37.547821,126.836128
1245,1200,개화광역환승센터,37.578449,126.798973
1246,2701,마곡나루역 5번출구 뒤편,37.565201,126.827316
1247,2702,마곡 엠밸리2단지,37.56918,126.819443
1248,2703,서울도시가스 앞 ,37.547485,126.872025
1249,2704,홈플러스(강서점),37.558334,126.854065
1250,2706,강서공업고등학교 앞,37.576317,126.816498
1251,2707,한강아파트,37.57037,126.844414
1252,2708,강서한강자이타워 앞,37.564682,126.848908
1253,2709,강변아파트 310동 앞,37.564587,126.856918
1254,2710,라이품 공영주차장 앞,37.570728,126.841568
1255,2711,가로공원공영주차장 1번 출구,37.537361,126.837448
1256,2712,화곡터널입구교차로,37.538338,126.842392
1257,2713,우장초등학교 앞,37.548534,126.846672
1258,2714,발산1동주민센터교차로,37.553173,126.831238
1259,2715,마곡나루역 2번 출구 ,37.566883,126.827683
1260,2716,롯데 R&D 센터,37.569176,126.828217
1261,2717,LG유플러스 마곡사옥,37.561337,126.833901
1262,2718,마곡수명산파크1단지,37.554993,126.831894
1263,2719,마곡문화공원,37.561371,126.830124
1264,2720,힐스테이트에코,37.559589,126.829781
1265,2721,등촌1-10단지 교차로,37.563145,126.839562
1266,2722,마곡 문영비지웍스,37.560604,126.83873
1267,2723,마곡 필네이처,37.560894,126.836693
1268,2724,(재)FITI시험연구원,37.568665,126.838799
1269,2725,서울식물원 식물문화센터,37.569294,126.836197
1270,2727,서울식물원 잔디마당 앞,37.564087,126.830849
1271,2728,마곡나루역 3번 출구,37.565804,126.828079
1272,2729,넥센 유니버시티 앞,37.569485,126.828095
1273,2730,마곡메가박스 앞,37.559128,126.834953
1274,2731,명덕고교,37.554951,126.834732
1275,2732,마곡수명산 1-2단지 ,37.555145,126.829453
1276,2733,마곡13단지 정문 앞,37.55854,126.820107
1277,2735,마곡 공공청사,37.562294,126.823952
1278,2737,까치산역 3번 출구,37.531693,126.846588
1279,2739,수명산파크1단지교차로,37.553585,126.828568
1280,2740,마곡레포츠센터,37.57272,126.832069
1281,2741,마곡수명산파크5-6단지,37.550617,126.826881
1282,2742,강서구민올림픽체육센터,37.559402,126.850441
1283,2743,동신아파트 104동 앞,37.57205008,126.8439003
1284,2744,강서세무서앞,37.56254635,126.8212096
1285,2745,수명초등학교,37.55258429,126.8230807
1286,2746,수명산파크4단지411동 앞,37.55127716,126.8248711
1287,3753,공항중학교 버스정류장,37.56114799,126.8161149
1288,3756,마곡힐스테이트 정문,37.56498947,126.817077
1289,3760,발산역 8번 출구,37.55848464,126.8368494
1290,3761,나이아가라관광호텔,37.54889788,126.8783104
1291,3763,등촌태영아파트,37.55600108,126.8642791
1292,3765,문소빌딩,37.54553621,126.8445936
1293,3766,강서문화센터,37.54456025,126.8438436
1294,3792,화곡본동시장 입구,37.54383145,126.8435985
1295,3767,대원빌딩,37.54537943,126.8447806
1296,3772,길성그랑프리텔아파트,37.56930351,126.8165092
1297,3775,가양오토갤러리,37.56645447,126.8442749
1298,3776,김포공항교차로,37.56766641,126.8051408
1299,3778,김포공항입구 교차로,37.56196981,126.8079432
1300,3779,유광사여성병원,37.54329861,126.8386226
1301,3780,등촌서광아파트,37.55747797,126.856197
1302,3781,강서아동복지센터,37.58473963,126.8108433
1303,3782,겸재정선미술관,37.57136296,126.8377325
1304,3784,벽산아파트,37.57533819,126.836666
1305,3794,안양천합수부(현대3차아파트),37.55224482,126.8764694
1306,3786,강서힐스테이트 상가 앞,37.54724197,126.8365743
1307,3787,가양나들목,37.57391134,126.8434657
1308,3788,정곡나들목,37.58422513,126.8192916
1309,3789,염창나들목,37.55683266,126.8716801
1310,3795,공항신성빌딩 앞,37.56122049,126.8130696
1311,3796,송정역 3번출구 앞,37.56096606,126.812701
1312,3797,마곡수명산파크7단지 710동 앞,37.54854275,126.8207925
1313,3798,그랜드아이파크아파트 앞,37.55495474,126.8515782
1314,3769,가양동 이마트 앞,37.55706095,126.86318
1315,1901,신도림동주민센터 앞,37.507332,126.87973
1316,1904,도림천역 1번 출구 앞,37.51424,126.882874
1317,1906,신도림역 1번 출구 앞,37.50972,126.890099
1318,1907,구일우성(아) 육교 밑,37.489632,126.876259
1319,1908,해원리바파크 육교 밑,37.495285,126.872162
1320,1910,낙원교회 맞은편,37.497505,126.884377
1321,1911,구로디지털단지역 앞,37.48494,126.901321
1322,1912,한신휴아파트 앞,37.4888,126.890663
1323,1913,구로리공원,37.491032,126.892151
1324,1914,대림역4번출구,37.494404,126.894447
1325,1916,구로중학교앞,37.494141,126.889984
1326,1920,서울미래초등학교 사거리,37.504379,126.888298
1327,1924,삼부르네상스파크빌,37.478741,126.895096
1328,1925,동양미래대학교 정문 옆,37.499889,126.867699
1329,1928,고척스카이돔구장 광장,37.49947,126.868401
1330,1929,고척근린공원 고척도서관 앞,37.505135,126.85276
1331,1930,개봉지구대 개봉치안센터,37.497684,126.853729
1332,1931,개봉역(북측광장),37.494995,126.858253
1333,1933,개봉푸르지오아파트 상가,37.501583,126.84687
1334,1936,개봉역 1번 출구 자전거보관서쪽,37.494282,126.859215
1335,1937,한진아파트 입구,37.486061,126.852013
1336,1941,오류동역 2번출구,37.493938,126.844055
1337,1943,온수역 북측,37.49279,126.824524
1338,1946,구로역 광장,37.503117,126.880386
1339,1951,천왕이펜하우스 4단지 상가 앞,37.480289,126.8395
1340,1952,천왕연지타운2단지 앞,37.482105,126.845726
1341,1953,천왕역 4번출구 뒤,37.486385,126.839211
1342,1955,디지털입구 교차로,37.482883,126.901039
1343,1956,도야미리숯불갈비 앞,37.51001,126.88205
1344,1957,구일고등학교 정문,37.493401,126.874329
1345,1958,강서수도사업소민원센터,37.495781,126.890121
1346,1959,구로구의회 앞,37.496456,126.889587
1347,1960,화광신문사 앞,37.50285,126.889481
1348,1961,신도림테크노근린공원,37.508194,126.891304
1349,1962,가리봉동주민센터,37.481602,126.892799
1350,1964,원메디타운 앞,37.49789,126.864502
1351,1965,삼환로즈빌아파트 105동 옆,37.497231,126.859192
1352,1966,한마을아파트 정문상가,37.496498,126.863098
1353,1967,참새공원(백곡경노당),37.505138,126.844337
1354,1968,동인오피스텔 건너편 소공원,37.498482,126.847504
1355,1969,궁동생태공원,37.501904,126.828964
1356,1971,오정초교 앞 보도육교,37.490723,126.826393
1357,1973,오리로와 서해안도로 교차로 앞,37.488598,126.836494
1358,1974,신도림2차e편한세상아파트 203동 앞,37.50518,126.882538
1359,1975,대림역 1번 출입구 밑,37.49258,126.894737
1360,1976,남구로역 5번 출입구 앞,37.48568,126.886703
1361,1977,천왕역 1번 출입구 앞,37.48621,126.838821
1362,1979,구로1동우체국 앞,37.492031,126.873772
1363,1981,천왕이펜하우스5단지 앞,37.479431,126.842697
1364,1983,구로동롯데아파트,37.502548,126.883881
1365,1984,구로구청,37.495266,126.888474
1366,1985,구로도서관,37.498516,126.891991
1367,1986,태평양물산빌딩,37.484859,126.895187
1368,1987,개봉아이파크아파트 앞,37.490341,126.860931
1369,1988,고척LIGA아파트 앞,37.50605,126.860786
1370,1991,오류동역 맞은편,37.496761,126.844963
1371,1992,구로구배드민턴실내체육관 앞,37.491798,126.83242
1372,1993,금강수목원아파트 앞,37.48938,126.834198
1373,1994,삼성전자 물류센터 앞,37.496998,126.87178
1374,1996,구일역 1번 출입구 앞,37.495399,126.87101
1375,1998,고척교 교차로,37.498569,126.871521
1376,1999,수궁동 성당 주변,37.495258,126.830658
1377,2000,신도림4차 e편한세상 아파트 1109동 앞,37.512329,126.886833
1378,2801,대륭포스트타워1차,37.484371,126.895424
1379,2804,항동지구 6단지 602동 앞,37.477375,126.820015
1380,2805,구로자원순환센터 ,37.48251,126.82576
1381,2806,항동지구 4단지 입구,37.482597,126.826454
1382,2807,항동지구 1단지 105동 앞,37.480629,126.821816
1383,2808,항동지구 2단지 202동 앞,37.480808,126.821907
1384,2809,항동지구 11단지 1103동 앞,37.477905,126.823113
1385,2810,항동지구 3단지 311동 앞,37.47794,126.823273
1386,2812,항동프라자,37.479832,126.822754
1387,2813,항동지구 3단지 302동 앞,37.47937,126.82547
1388,2814,항동지구 10단지 1001동 앞,37.479343,126.825638
1389,2817,천왕이펜하우5단지 앞,37.479897,126.84037
1390,2818,천왕이펜하우스3단지 앞,37.482239,126.838532
1391,2819,하늘숲초등학교 앞,37.483665,126.841614
1392,2820,신세기아파트 앞,37.493965,126.853043
1393,2821,청구아파트 앞,37.50119,126.863533
1394,2822,제니스스포츠 앞,37.50452,126.870552
1395,2823,중앙유통단지 앞,37.499813,126.874313
1396,2824,미래사랑어린이공원 앞,37.510063,126.889565
1397,2825,초롱타운 앞,37.495453,126.880394
1398,2826,가마산지하보도 옆,37.488647,126.88047
1399,2815,항동지구 7단지 정문,37.476013,126.81646
1400,2816,항동지구 8단지 803동옆(주차장입구),37.474731,126.817009
1401,3902,항동지구5단지 501동 앞,37.47815212,126.8247842
1402,3903,현대아파트 앞,37.49325423,126.8592835
1403,3904,테크노마트 앞,37.50619157,126.8911984
1404,3905,희훈타워빌 앞,37.50194494,126.8891499
1405,3906,천왕차량사업소 입구,37.47602797,126.8450825
1406,1804,독산역 2번출구 자전거주차장,37.46653,126.888718
1407,1805,서울디지털운동장 앞,37.482288,126.877769
1408,1806,에이스하이엔드타워9차 앞,37.486214,126.878639
1409,1808,에이스하이엔드타워8차 앞,37.473209,126.884941
1410,1809,LG전자 별관동(호서대 벤처타워 맞은편),37.470779,126.885155
1411,1812,갑을그레이트밸리 앞,37.479031,126.887299
1412,1814,두산위브아파트 옆 상가건물 앞,37.47422,126.894127
1413,1816,금천폭포공원 앞,37.446861,126.903831
1414,1819,금천구청 앞 자전거거치대,37.456478,126.895927
1415,1820,신한은행 시흥대로금융센터지점,37.44334,126.903358
1416,1821,홈플러스 시흥점 맞은편 다비치안경 앞,37.451458,126.902115
1417,1822,서울 시흥동우체국 앞,37.452991,126.900909
1418,1823,상신정비공업 앞,37.458912,126.89859
1419,1824,독산근린공원 입구,37.46455,126.883728
1420,1825,한신아파트 앞 육교 아래,37.4547,126.891052
1421,1826,한신코아 앞,37.456841,126.888344
1422,1827,독산보도육교 앞 자전거 보관소,37.455849,126.893143
1423,1828,한양수자인아파트 앞,37.475319,126.898888
1424,1829,홈플러스 금천점 앞,37.469139,126.897202
1425,1830,빅마켓 금천점 앞,37.47023,126.895073
1426,1831,메이퀸웨딩컨벤션 앞,37.4725,126.897957
1427,1833,독산역 1번출구 앞 자전거보관소,37.466541,126.890282
1428,1834,월드메르디앙 벤처센터 2차,37.479084,126.879044
1429,1835,STX V타워,37.47707,126.88443
1430,1836,금천구립 독산도서관,37.467403,126.908142
1431,1839,수출의 다리 아래,37.477058,126.885185
1432,1840,솔브레인이엔지 뒤편,37.475101,126.888069
1433,1841,가산동 주민센터,37.476952,126.891869
1434,1842,한울중학교,37.462574,126.90686
1435,1843,독산고등학교,37.477097,126.911133
1436,1845,롯데캐슬골드파크1차 서문,37.460289,126.892189
1437,1846,롯데캐슬골드파크1차 동문,37.460171,126.896042
1438,1847,독산주공 14단지 버스정류소,37.461033,126.8871
1439,1848,벽산 디지털밸리 5차,37.476276,126.885391
1440,1849,대륭포스트타워5차,37.481354,126.88694
1441,1850,코오롱테크노밸리,37.48016,126.886368
1442,1851,가산디지털단지 7번출구,37.481232,126.881485
1443,1852,혜명양로원 담장 옆,37.451771,126.913399
1444,1853,서울디자인직업전문학교 앞,37.472481,126.895866
1445,1854,가산아네스트 오피스텔 앞,37.47818,126.897408
1446,1855,성지아파트 옆 도로변,37.451321,126.897621
1447,1856,모두의학교,37.478409,126.907372
1448,1857,주공14단지,37.46056,126.887093
1449,1858,석수역1번출구 앞 (SK주유소),37.437271,126.902687
1450,1859,대륭테크노타운 18차,37.467999,126.886841
1451,1861,IBK기업은행 석수역 지점 앞,37.436981,126.903297
1452,1862,스타즈호텔독산 빌딩 앞,37.461346,126.897583
1453,1863,위너스 스포츠클럽 골프연습장옆,37.460537,126.898605
1454,1864,산호시티빌 옆,37.45652,126.899551
1455,1865,금천구청앞(M빌딩),37.456333,126.896454
1456,1866,서울안천초등학교 옆,37.457779,126.889427
1457,1867,대륭포스트타워6차 앞,37.480888,126.883804
1458,1868,우리은행 시흥남자동화점 앞,37.447853,126.902885
1459,1869,롯데캐슬골드파크3차 301동 앞,37.459019,126.896713
1460,1870,독산3동주민센터 앞,37.475071,126.903359
1461,200,국회의원회관,37.528416,126.913918
1462,201,진미파라곤 앞,37.531239,126.921333
1463,202,국민일보 앞,37.528816,126.92453
1464,203,국회의사당역 3번출구 옆,37.528057,126.918701
1465,204,국회의사당역 5번출구 옆,37.528164,126.917023
1466,205,산업은행 앞,37.526264,126.920509
1467,206,KBS 앞,37.524666,126.918022
1468,207,여의나루역 1번출구 앞,37.526989,126.932098
1469,209,유진투자증권빌딩 앞,37.524612,126.927834
1470,210,IFC몰,37.526066,126.925537
1471,211,여의도역 4번출구 옆,37.522228,126.924637
1472,212,여의도역 1번출구 옆,37.521362,126.923462
1473,213,KT앞,37.521908,126.918953
1474,214,금융감독원 앞,37.523022,126.920837
1475,215,여의도고교 앞,37.524837,126.934906
1476,217,NH농협은행 앞,37.522079,126.930367
1477,218,증권거래소 앞,37.523277,126.929237
1478,219,롯데캐슬엠파이어 옆,37.520695,126.925835
1479,220,미성아파트 A동 앞,37.519363,126.926048
1480,221,여의도초교 앞,37.522675,126.93779
1481,222,시범아파트버스정류장 옆,37.519436,126.937599
1482,223,진주아파트상가 앞,37.519314,126.933167
1483,224,롯데캐슬 앞,37.520088,126.932365
1484,225,앙카라공원 앞,37.517368,126.929253
1485,226,샛강역 1번출구 앞,37.517765,126.928413
1486,227,양평2나들목 보행통로 입구,37.544666,126.888359
1487,228,선유도역 3번출구 앞,37.53846,126.894508
1488,229,양평1 보행육교 앞,37.535873,126.892181
1489,230,영등포구청역 1번출구,37.524635,126.896217
1490,231,남부고용노동지청 남측,37.524506,126.891823
1491,232,양평우림 이비즈센타 앞,37.52565,126.887817
1492,233,YP 센터 앞,37.528488,126.891647
1493,234,영등포구민체육센터 앞,37.500462,126.905846
1494,235,신길동 우리은행 옆,37.504566,126.910233
1495,236,문래동자이아파트 앞,37.516155,126.894615
1496,238,제2구민체육센타 앞,37.526386,126.902756
1497,239,유스호스텔 앞,37.525852,126.903282
1498,240,문래역 4번출구 앞,37.518738,126.895576
1499,241,신길우성1차아파트 앞 공원,37.505329,126.898483
1500,242,신길선원가와인아파트 앞,37.510933,126.910225
1501,243,이앤씨드림타워 앞,37.527084,126.89138
1502,244,영등포삼환아파트 앞,37.530079,126.905708
1503,245,삼성생명 당산사옥 앞,37.528263,126.896629
1504,247,당산역 10번출구 앞,37.533688,126.902107
1505,248,초원아파트 앞,37.531055,126.92421
1506,249,여의도중학교 옆,37.52412,126.936546
1507,250,대림아파트 사거리,37.507641,126.92308
1508,251,서울지방병무청 버스정류장,37.504494,126.921951
1509,252,보라매역4번출구,37.499828,126.919945
1510,253,신풍역 5번출구 인근,37.500648,126.909515
1511,254,도림신협 앞,37.503803,126.903419
1512,255,도림사거리,37.506573,126.901131
1513,256,동아에코빌입구,37.509476,126.8993
1514,257,신길삼거리(우리은행),37.513844,126.919357
1515,258,신길역3번출구,37.517693,126.914299
1516,259,대방역6번출구,37.513592,126.925934
1517,260,여의도 마리나선착장 앞,37.53368,126.912086
1518,262,영문초등학교 사거리,37.519928,126.889183
1519,263,근로자회관 사거리,37.517151,126.888626
1520,264,교보생명보험 앞,37.521931,126.891617
1521,265,영등포유통상가 사거리,37.521133,126.896538
1522,266,영등포청과시장 사거리,37.520294,126.901192
1523,267,삼성화재 사옥 옆,37.535961,126.8983
1524,268,그랜드컨벤션센터 앞,37.534718,126.900002
1525,270,증권거래소후문교차로,37.522343,126.927101
1526,271,샛강생태공원방문자센터 앞,37.518963,126.921616
1527,272,당산육갑문,37.535339,126.903679
1528,274,영등포역지하쇼핑센타 5번출구,37.516651,126.90799
1529,275,신동아아파트,37.522816,126.885651
1530,276,SK 영등포주유소,37.518284,126.912636
1531,277,영등포뉴타운지하상가 2번게이트,37.520119,126.905167
1532,278,쌍용플레티넘오피스텔,37.507931,126.895233
1533,279,영등포 푸르지오 아파트,37.513229,126.904465
1534,280,양평동6차현대아파트 앞,37.532101,126.89444
1535,281,신동아아파트 앞,37.498241,126.893982
1536,282,신한은행,37.48753,126.904877
1537,283,아크로타워 스퀘어(영등포시장),37.522518,126.907219
1538,284,센트럴 푸르지오 시티 앞,37.518211,126.902229
1539,285,대림3동사거리(하나은행),37.499859,126.89724
1540,286,우성아파트 교차로,37.494572,126.89975
1541,287,영등포전화국사거리 (서강어린이공원),37.525768,126.905739
1542,288,쌍용예가(구청별관),37.528099,126.893387
1543,289,대림3동사거리,37.499809,126.898003
1544,290,당산동 SK V1 빌딩,37.531509,126.897827
1545,291,문래동 하이테크 시티,37.513851,126.89888
1546,292,영일 어린이공원,37.51012,126.904068
1547,293,충북 미래관,37.529171,126.907578
1548,295,영등포공원 분수대 앞,37.514824,126.911881
1549,296,KT플라자 영등포점,37.526302,126.90538
1550,297,국회3문,37.528637,126.912674
1551,298,KBS 연구동 건너편,37.527508,126.914299
1552,299,여의도 순복음교회,37.531792,126.922455
1553,3201,당산skv1센터,37.530735,126.89917
1554,3202,당산롯데캐슬프레스티지,37.52869,126.903862
1555,3203,도림동배드민턴체육관,37.506115,126.89859
1556,3204,도림고가도로 밑,37.511242,126.898186
1557,3205,문래중학교,37.520466,126.884819
1558,3206,문래동 주민센터,37.517071,126.899086
1559,3207,양남사거리 교통섬,37.522526,126.889969
1560,3211,신길 래미안 프레비뉴,37.504383,126.908089
1561,3212,신풍역 6번출구,37.500172,126.911308
1562,3214,영등포 푸르지오,37.512024,126.901054
1563,3215,강변삼성래미안,37.529743,126.907829
1564,3219,영등포역 2번출구,37.514874,126.907585
1565,3220,래미안에스티움(신풍로) 앞,37.500137,126.913979
1566,3221,서울특별시 남부교육지원청,37.519333,126.895302
1567,4556,리버뷰신안인스빌1차 후문,37.51368147,126.8885132
1568,4557,리버뷰신안인스빌2차 후문,37.51285441,126.8902158
1569,2002,노들역 1번출구,37.512844,126.952469
1570,2003,사육신공원앞,37.513359,126.948059
1571,2007,유한양행앞,37.512939,126.934242
1572,2008,노량진근린공원 대방공원,37.509369,126.92807
1573,2009,보라매역 8번출구,37.500076,126.921082
1574,2012,녹십초요양병원앞,37.488361,126.906227
1575,2013,장승배기역 5번출구,37.505852,126.939362
1576,2015,신대방삼거리역 6번출구쪽,37.499855,126.929565
1577,2016,신대방삼거리역 3번출구쪽,37.499645,126.927094
1578,2020,장승배기역2번출구뒷편쪽,37.504498,126.938988
1579,2024,상도역 1번출구,37.502178,126.948204
1580,2025,흑석역 1번출구,37.50938,126.963615
1581,2026,흑석역 4번출구,37.508587,126.963493
1582,2027,중앙대학교 정문,37.507042,126.959152
1583,2032,이수역 11번출구쪽,37.485508,126.981621
1584,2033,사당동 아르테스 웨딩앞,37.481491,126.981583
1585,2034,사당역 7번출구쪽,37.476891,126.980576
1586,2036,정금마을 마을버스정류장,37.494705,126.982391
1587,2037,동작역 5번출구 동작주차공원,37.503189,126.97715
1588,2038,동작역 7번출구,37.503181,126.976089
1589,2040,비계 버스정류소,37.506359,126.969078
1590,2041,사당중학교 버스정류소,37.486835,126.968048
1591,2048,삼일초등학교 인근,37.489087,126.97358
1592,2050,노량진역 5번출구,37.513248,126.939972
1593,2054,삼익아파트,37.510548,126.944847
1594,2056,동작구민 체육센터,37.494499,126.916527
1595,2057,상도 아이파크 아파트,37.500881,126.94175
1596,2058,노량진동 맥도널드앞,37.513523,126.943527
1597,2059,보라매공원 정문,37.497078,126.917793
1598,2060,남성역3번출구 뒤,37.484631,126.97155
1599,2061,한강 현대아파트 건너편,37.505928,126.969231
1600,2062,사당새마을금고,37.486652,126.967842
1601,2063,대방역 4번출구,37.512901,126.926613
1602,2064,흑석한강푸르지오 106동앞,37.505356,126.966179
1603,2065,서울시여성가족재단,37.51199,126.927086
1604,2066,양문교회 앞,37.489399,126.907112
1605,2067,LG전자 베스트? 대리점 앞,37.497669,126.919868
1606,2068,총신대 앞(육교),37.488159,126.966476
1607,2069,숭실대 입구역3번 출구 앞,37.496601,126.953682
1608,2070,노량진역 2번 출구 앞,37.51392,126.943069
1609,2071,대림아파트 후문 상가 옆,37.488869,126.971909
1610,237,보라매 두산위브 건너편,37.496513,126.914803
1611,2076,노들나루공원 입구,37.513577,126.955551
1612,2077,노들역 3번출구,37.511936,126.954163
1613,2078,흑석 아크로리버하임(103동),37.510838,126.961632
1614,2079,중앙대학교 정문,37.506672,126.957779
1615,2080,빕스 대방점 앞,37.512135,126.925438
1616,2081,대방1차 e편한세상 앞,37.513062,126.929512
1617,2082,7호선 이수역7번출구,37.485615,126.981979
1618,2083,흑석롯데캐슬에듀포레(107동),37.504704,126.960732
1619,2084,e편한세상 상도노빌리티 앞,37.504562,126.946785
1620,2085,강남중학교 앞,37.502743,126.921578
1621,2086,삼일수영장 앞,37.487412,126.974739
1622,2088,상도중앙하이츠빌 입구,37.500248,126.94973
1623,2089,사당역10번출구(금강빌딩),37.479107,126.981506
1624,2090,기아자동차 사당점 앞,37.48378,126.977921
1625,2091,이수역9번출구(맥도날드),37.484135,126.977882
1626,2092,흑석한강푸르지오(110동),37.503113,126.964714
1627,2093,상도SH빌아파트 입구,37.503212,126.954598
1628,2094,숭실대학교(중문) ,37.495506,126.956375
1629,2095,경문고등학교 앞,37.491501,126.982407
1630,2096,서울특별시 동작관악교육지원청,37.502838,126.940338
1631,2102,봉림교 교통섬,37.48423,126.926392
1632,2103,신림동 우방아파트,37.489178,126.919273
1633,2104,사당역 5번출구,37.476089,126.981331
1634,2105,미성동 신림체육센터,37.480251,126.914604
1635,2106,난곡 새마을금고,37.473728,126.918404
1636,2107,도림천 신화교,37.475471,126.936455
1637,2108,은천치안센터,37.483341,126.943199
1638,2109,은천로입구 가로공원,37.486225,126.935829
1639,2110,조원동 미성아파트,37.483192,126.902031
1640,2111,서울대입구역 1번출구,37.480869,126.953316
1641,2112,서울대입구역 마에스트로,37.481339,126.950645
1642,2113,관악동작견인차량보관소,37.484661,126.9039
1643,2115,관악농협농산물백화점,37.479916,126.90284
1644,2116,에이스에이존빌딩,37.481705,126.950829
1645,2119,중앙동 동진빌딩,37.484257,126.954697
1646,2122,낙성대로 입구,37.478058,126.960495
1647,2127,보성운수차고지 맞은편,37.464886,126.919479
1648,2128,관악구청교차로,37.479164,126.952583
1649,2129,낙성대 과학전시관,37.469055,126.958145
1650,2130,영어마을 관악캠프,37.471989,126.958427
1651,2135,신림역 5번출구,37.484409,126.928909
1652,2136,신림역 8번출구,37.484577,126.929916
1653,2137,KT&G 관악지점,37.484901,126.936531
1654,2139,서울신성초등학교,37.471165,126.937019
1655,2140,신림1교 교차로,37.478428,126.931862
1656,2141,미림여고입구 교차로,37.472294,126.933411
1657,2143,서울산업정보학교,37.470695,126.9422
1658,2144,난우길입구,37.477776,126.916756
1659,2145,은천초등학교 육교,37.486359,126.942924
1660,2148,낙성대역 3번출구 뒤,37.477028,126.963394
1661,2156,농협 관악문성지점,37.480721,126.909325
1662,2159,인헌초교,37.47509,126.959229
1663,2164,관악우체국,37.484768,126.932877
1664,2165,JK장평타워,37.476482,126.965363
1665,2167,낙성대역 1번출구,37.476295,126.964958
1666,2169,봉천역 2번출구,37.482189,126.942131
1667,2170,조원동서울본병원,37.481529,126.912033
1668,2171,서울대입구역 5번출구,37.481548,126.952003
1669,2172,나들목공원,37.469406,126.944511
1670,2173,당곡사거리,37.48975,126.927467
1671,2174,삼성디지털프라자관악점,37.488564,126.928482
1672,2175,신림동걷고싶은문화의거리입구,37.487301,126.928703
1673,2176,보라매공원 보도육교,37.488991,126.916382
1674,2177,신대방역 2번 출구,37.487129,126.913017
1675,2178,서울대학교 정문,37.46682,126.948807
1676,2179,양녕로 입구,37.482189,126.946159
1677,2183,동방1교,37.471828,126.933922
1678,2184,구암초등학교 버스정류장,37.489491,126.945923
1679,2185,대학동 고시촌,37.470467,126.938652
1680,2186,우리은행 낙성대역지점,37.478821,126.95961
1681,2187,현대시장사거리(신한은행),37.486736,126.947517
1682,2189,삼성서비스센터(관악점) ,37.482754,126.941406
1683,2190,도원맨션,37.483688,126.939156
1684,2191,대학동주민센터 ,37.470688,126.936485
1685,2195,은천교회,37.484646,126.934509
1686,2196,삼화페인트 봉천점,37.483311,126.939026
1687,2198,사랑의병원,37.479465,126.956932
1688,2199,신봉천주유소,37.478771,126.958695
1689,2200,관악문화원 건너편,37.468567,126.946755
1690,3304,낙성대역 5번 출구,37.477753,126.962364
1691,3305,낙성대역 8번 출구,37.476776,126.964867
1692,3306,서울신우초등학교,37.462147,126.931778
1693,3307,봉천고개 육교,37.491226,126.956078
1694,3310,영락고등학교,37.476627,126.943642
1695,3311,서울대입구역 4번 출구,37.48122,126.951576
1696,3802,관악구민체육센터,37.47286961,126.9600311
1697,2201,본마을 정류소 앞,37.453281,127.051483
1698,2202,청계산입구역 1번출구,37.448936,127.054375
1699,2203,청계산입구역 2번출구,37.447659,127.055016
1700,2205,내곡3단지 어린이공원 앞,37.453751,127.05938
1701,2206,언남초등학교 앞,37.454357,127.062103
1702,2207,내곡파출소 뒤 정자,37.454407,127.064926
1703,2210,반포1동 주민센터 앞,37.505096,127.013107
1704,2211,서초구립반포도서관 앞,37.502636,127.012314
1705,2212,서초현대4차아파트 201동 맞은편,37.500961,127.017929
1706,2213,고속터미널역 5번출구 앞,37.502232,127.002258
1707,2214,신반포역 2번출구 앞,37.504116,126.99749
1708,2215,반포종합운동장 입구,37.501713,126.995476
1709,2217,아크로리버뷰 부지 앞,37.513046,127.005959
1710,2219,"고속터미널역 8-1번, 8-2번 출구 사이",37.506199,127.003944
1711,2220,반포본동 주민센터 앞,37.500614,126.98616
1712,2221,하나은행 방배동지점 앞,37.485611,126.994682
1713,2222,사당역 12번출구 뒤,37.478069,126.982033
1714,2223,방배래미안 정문 앞,37.47261,126.983009
1715,2225,백석예술대학교 제3캠퍼스 앞,37.473759,126.995247
1716,2226,신동아럭스빌아파트 앞,37.475182,127.001389
1717,2227,방배열린문화센터 앞,37.489052,126.992523
1718,2228,뒷벌공원 옆,37.489586,126.986725
1719,2229,로고스교회 맞은 편,37.487011,126.984962
1720,2230,이수역 4번 출구,37.485828,126.982628
1721,2231,삼성타운(삼성생명) A동 맞은편,37.496914,127.024963
1722,2233,서초신동아1차아파트 옆,37.491112,127.022957
1723,2235,KT 서초지사 앞,37.482159,127.002701
1724,2237,서울남부터미널 대합실 입구,37.484558,127.01487
1725,2239,교대역 6번출구,37.494217,127.013786
1726,2241,양재전화국 사거리,37.485378,127.041702
1727,2242,양재역 11번 출구 앞,37.48399,127.03418
1728,2243,서울가정법원,37.481491,127.036728
1729,2244,교육개발원입구 교차로,37.477852,127.03891
1730,2245,양재초등학교 맞은편,37.473614,127.03051
1731,2246,서울시 품질시험소 앞,37.4692,127.029007
1732,2247,섬들근린공원,37.462639,127.026619
1733,2248,서초리슈빌S 글로벌 앞,37.459953,127.024742
1734,2249,우솔초등학교 맞은편,37.456234,127.019348
1735,2250,서초유치원 맞은편,37.455799,127.016289
1736,2251,더케이호텔 입구(양재2),37.467506,127.034477
1737,2252,하이브랜드 앞,37.463322,127.036041
1738,2255,시민의숲역 1번출구 옆,37.47044,127.038857
1739,2256,양재동 꽃시장 입구,37.46769,127.040359
1740,2257,하나로클럽 양재점 맞은편,37.462688,127.046112
1741,2258,구룡사 삼거리,37.471539,127.050591
1742,2259,잠원역 3번-4번 출구사이,37.512989,127.011177
1743,2262,한신16차아파트 119동 앞,37.516598,127.00959
1744,2263,바우뫼문화복지회관,37.471928,127.02684
1745,2264,이수역 1번출구,37.488556,126.982574
1746,2265,이수고가차도 남단,37.494743,126.983063
1747,2266,서초역 3번출구,37.49054,127.008163
1748,2268,서초4동주민센터,37.502319,127.02227
1749,2269,주홍교 하부,37.510349,127.016052
1750,2270,서초포레스타 7단지,37.448967,127.057739
1751,2271,내방역 8번출구 앞,37.487865,126.994293
1752,2272,교대입구 교차로,37.487309,127.010582
1753,2273,일동제약 사거리,37.477829,127.038269
1754,2274,양재시민의숲역 3번출구,37.46965,127.039612
1755,2275,염곡치안센터 건너편,37.461578,127.048798
1756,2276,영동1교 (양재천근린공원),37.474388,127.038902
1757,2277,길마중4교 하부,37.51487,127.015282
1758,2279,교대역 5번출구뒤,37.493618,127.014183
1759,2280,서울서초고용센터앞,37.484161,127.010971
1760,2281,연세사랑병원신관앞,37.475979,126.986282
1761,2282,방배래미안아트힐 101동앞,37.477203,127.005836
1762,2283,그룹한빌딩옆,37.486526,126.989166
1763,2284,CJ오쇼핑앞,37.468102,126.986801
1764,2285,LH서초3단지 301동 맞은편,37.457424,127.022652
1765,2286,탑성마을입구,37.458549,127.055885
1766,2287,능안마을입구,37.45562,127.067101
1767,2288,안골마을입구,37.455608,127.064453
1768,2289,남태령역 2번출구,37.464298,126.988525
1769,2292,무지개아파트 앞,37.488243,127.027016
1770,2293,SPC 앞,37.484798,127.036995
1771,2294,두상빌딩 앞,37.475906,127.046242
1772,2297,남부터미널역 1번출구,37.485672,127.015923
1773,2298,래미안서초스위트앞,37.502411,127.021606
1774,2299,한전아트센터 앞,37.486469,127.028061
1775,2501,서초 포레스타5단지,37.450661,127.05706
1776,2502,서초역1번출구 앞,37.491951,127.008553
1777,2503,반포1동 서초빌딩 앞,37.503811,127.021362
1778,2504,신사역 4번출구 뒤,37.515881,127.019302
1779,2505,우성아파트사거리 (기업은행앞),37.493259,127.029533
1780,2506,LG유플러스 (방배사옥),37.479092,126.990677
1781,2508,양재이스타빌 앞,37.482979,127.042259
1782,2509,KT반포지사,37.498371,126.992462
1783,2510,JW타워,37.48304,127.021461
1784,2511,이수역 6번출구 앞,37.483662,126.982323
1785,2514,사평역 2번출구,37.503643,127.016022
1786,2515,서초초등학교 후문,37.498928,127.024727
1787,2516,본마을 노인복지센터 앞,37.454418,127.052742
1788,2517,서초3교(효령로69길 방면),37.48716,127.024376
1789,2518,서초3교(효령로70길 방면),37.487484,127.025147
1790,2519,서초2교(사임당로 방면),37.491009,127.023521
1791,2520,서초1교 (진흥아파트 방면),37.496193,127.021011
1792,2521,서초 크로바타워 앞,37.495564,127.01918
1793,2523,뉴코아 킴스클럽 앞,37.510193,127.007256
1794,2524,반포쇼핑타운 8동 앞,37.507351,127.008019
1795,2525,반포쇼핑타운 2동 앞,37.505608,127.002159
1796,2526,반포경남쇼핑 앞,37.504787,126.999924
1797,2527,반포중학교 앞(세화여고 맞은편),37.502674,126.993698
1798,2528,함지박 사거리,37.493771,126.990067
1799,2529,우리은행 방배동지점 앞,37.489918,126.992081
1800,2530,삼호3차아파트 앞,37.497795,126.987068
1801,2531,멤피스아파트 앞,37.494205,126.989357
1802,2532,국립국악원 앞,37.478203,127.008781
1803,2533,한가람미술관 앞,37.481098,127.014061
1804,2534,신흥교(애견훈련소),37.455631,127.080978
1805,2535,신반포역 3번출구 뒤,37.503624,126.997322
1806,2536,서초종합체육관 입구,37.459248,127.041634
1807,2537,양재역 8번출구 앞,37.482571,127.036438
1808,2538,사평리 공원,37.520267,127.015251
1809,2539,대한무역투자진흥공사 KOTRA 앞,37.464897,127.044182
1810,2540,반포천 앞,37.498455,126.996643
1811,2541,옛골 입구,37.430977,127.070335
1812,2542,신논현역2번출구(신논현타워 앞),37.505089,127.023911
1813,2543,경문고교 사거리,37.491264,126.982956
1814,2545,국립중앙도서관(국제회의장옆),37.497688,127.002388
1815,2547,포드서초서비스센터앞,37.5189931,127.0123634
1816,2548,반포1동 자율방범초소 옆,37.5085698,127.0166917
1817,2549,LH 서초 4단지 403동,37.45934516,127.0239563
1818,2550,양재동 꽃시장 건너편,37.46745327,127.0415416
1819,2301,현대고등학교 건너편,37.524071,127.02179
1820,2302,교보타워 버스정류장(신논현역 3번출구 후면),37.505581,127.024277
1821,2303,논현역 7번출구,37.511517,127.021477
1822,2304,신영 ROYAL PALACE 앞,37.512527,127.035835
1823,2305,MCM 본사 직영점 앞,37.520641,127.034508
1824,2306,압구정역 2번 출구 옆,37.527122,127.028717
1825,2307,압구정 한양 3차 아파트,37.528614,127.038559
1826,2308,압구정파출소 앞,37.529301,127.035599
1827,2309,청담역(우리들병원 앞),37.518902,127.049385
1828,2310,청담동 맥도날드 옆(위치),37.523613,127.040176
1829,2311,학동로 래미안 아파트 앞,37.517773,127.043022
1830,2312,청담역 13번 출구 앞,37.52058,127.056328
1831,2313,금원빌딩 앞,37.525116,127.052467
1832,2314,청담나들목입구,37.521275,127.061035
1833,2315,봉은사역 5번출구 옆,37.514248,127.061119
1834,2316,삼성역 8번출구,37.509575,127.063408
1835,2317,삼성도로공원,37.515888,127.0662
1836,2318,삼성중앙역4번출구(문화센터더 리빌),37.513577,127.055031
1837,2319,포스코사거리 서측(수협 삼성동 지점),37.506607,127.05468
1838,2320,도곡역 대치지구대 방향,37.491928,127.056969
1839,2321,학여울역 사거리,37.496117,127.069443
1840,2322,삼성역 3번 출구,37.508091,127.063103
1841,2323,주식회사 오뚜기 정문 앞,37.502213,127.067207
1842,2324,천주교 대치 2동 교회 옆,37.500439,127.066223
1843,2325,대치동 버거킹대치점,37.49865,127.059319
1844,2326,대치동 삼성로,37.502396,127.0588
1845,2327,뱅뱅사거리 랜드마크타워 앞,37.490551,127.031464
1846,2328,르네상스 호텔 사거리 역삼지하보도 7번출구 앞,37.503586,127.042641
1847,2329,르네상스호텔사거리 역삼지하보도 2번출구,37.502357,127.04319
1848,2330,스타벅스 앞,37.492199,127.039459
1849,2331,동영문화센터앞,37.498051,127.044601
1850,2332,선릉역3번출구,37.504208,127.048965
1851,2333,양재역 3번출구 주변,37.485157,127.034073
1852,2334,삼호아파트 2동 ( 간선도로),37.493759,127.045898
1853,2335,3호선 매봉역 3번출구앞,37.486767,127.046761
1854,2336,강남세브란스교차로 래미안그레이튼 104동 앞,37.494236,127.047462
1855,2337,대모산입구역 2번출구 앞,37.492077,127.071976
1856,2339,현대아파트 정문 앞,37.483261,127.052299
1857,2340,삼호물산버스정류장(23370) 옆,37.477509,127.045174
1858,2341,일원역 4~5번 출구 사이,37.483311,127.084938
1859,2342,대청역 1번출구 뒤,37.494007,127.079514
1860,2343,세곡사거리 대왕파출소 앞,37.465317,127.107727
1861,2344,리엔파크 2단지 앞,37.465061,127.101196
1862,2347,두산건설 본사,37.518639,127.0354
1863,2348,포스코사거리(기업은행),37.507233,127.056854
1864,2349,역삼빌딩 앞(하나은행 옆),37.501545,127.038567
1865,2350,래미안그레이튼102동앞,37.494823,127.047905
1866,2351,청소년수련관(수영장)앞,37.483879,127.089027
1867,2352,서울본부세관(건설회관 앞),37.51759,127.035027
1868,2353,강남구청역 2번출구 뒤,37.516811,127.040474
1869,2354,청담역 2번출구,37.519787,127.056763
1870,2355,삼성역 5~6번 출구 사이,37.509121,127.062309
1871,2356,강남구청,37.51807,127.047119
1872,2357,르네상스호텔사거리 역삼지하보도 3번출구 앞 (더 오번,37.501949,127.04277
1873,2358,구룡초사거리 (현대아파트10동 앞 ),37.481384,127.053917
1874,2359,"국립국악중,고교 정문 맞은편",37.475605,127.050377
1875,2360,도곡1동 주민센터 교차로,37.492809,127.041389
1876,2361,압구정역 교차로,37.526844,127.028259
1877,2362,신사동 가로수길 입구,37.517635,127.022453
1878,2363,강남 을지병원 교차로,37.51918,127.027466
1879,2364,도산대로 렉서스 앞,37.52124,127.031898
1880,2365,K+ 타워 앞,37.5233,127.038475
1881,2368,도곡동 경남아파트 건너편,37.489342,127.041298
1882,2369,KT선릉타워,37.505428,127.052872
1883,2370,한티역 3번출구,37.496552,127.054298
1884,2371,한국우편사업진흥원,37.514748,127.035133
1885,2372,대치역 사거리,37.494499,127.063797
1886,2373,개포동역 사거리,37.489277,127.065575
1887,2375,수서역 1번출구 앞,37.48735,127.100998
1888,2376,수서역 6번출구 앞,37.486778,127.100517
1889,2377,수서역 5번출구 뒤,37.486835,127.102753
1890,2380,삼성동베이직하우스앞,37.511696,127.049347
1891,2381,언주역 6번출구앞,37.506367,127.034523
1892,2382,역삼동 sk뷰 501동앞,37.501343,127.050468
1893,2383,보금자리정원,37.466328,127.094887
1894,2384,자곡사거리,37.476028,127.105942
1895,2385,학동역,37.51395,127.030151
1896,2386,논현동 279-165,37.509586,127.040909
1897,2387,래미안강남힐즈 사거리,37.472454,127.096077
1898,2388,강남구 도시관리공단,37.516785,127.051613
1899,2389,경기여자고등학교 후문 (삼성로3길 입구),37.48616,127.067238
1900,2390,구룡마을 입구 (래미안블레스티지 아파트),37.480881,127.063042
1901,2391,구룡터널 입구(개포1단지아파트),37.475986,127.059624
1902,2392,구룡산 입구 (구룡산 서울둘레길 입구),37.474579,127.05545
1903,2393,구룡사 앞 교차로 (보도육교),37.472,127.051338
1904,2394,개포래미안포레스트아파트 107동 앞,37.479092,127.055397
1905,2395,개포1단지아파트 입구 (보도육교),37.47929,127.055733
1906,2396,영동3교 북단(우성캐릭터 앞 보도),37.485741,127.051048
1907,2398,더라움,37.50811,127.039452
1908,2401,밀알학교 입구 (삼성서울병원 입구),37.486561,127.082672
1909,2403,공무원연금매점 교차로 (개포주공9단지 입구),37.48872,127.074539
1910,2404,대모산입구역 4번 출구 앞,37.49181,127.073158
1911,2405,청담공원앞 교차로,37.518711,127.05085
1912,2406,논현동 광명빌딩 앞,37.51757,127.023643
1913,2407,역삼.서초.삼성 세무서 앞 (역삼빌딩 앞),37.49847,127.030113
1914,2408,강남한양수자인아파트,37.477341,127.113274
1915,2409,역삼동 디오슈페리움 (우성아파트 사거리),37.492062,127.030746
1916,2410,포스코피앤에스타워 (역삼역 3번출구 부근),37.499599,127.033752
1917,2411,세곡동 성당,37.472969,127.112228
1918,2412,일원1동 주민센터,37.491791,127.088211
1919,2413,도곡역 1번 출구,37.490959,127.054985
1920,2414,도곡역 아카데미스위트 앞,37.488972,127.051827
1921,2415,한티역 롯데백화점 앞,37.496674,127.053429
1922,2416,한티역 6번 출구,37.495899,127.052193
1923,2417,선정릉 디캠프(D.CAMP)앞,37.507999,127.04525
1924,2418,봉은사역 7번 출구,37.513935,127.059822
1925,2419,"봉은사역 1,2번 출구",37.514309,127.0597
1926,2420,학여울역 사거리(LG베스트샵 앞),37.496895,127.070137
1927,2421,신논현역 4번출구,37.504673,127.025795
1928,2422,수서동 성당 맞은편,37.484169,127.094849
1929,2423,영희초교 사거리(래미안개포루체하임),37.490837,127.08065
1930,2425,세곡동 사거리(대왕초등학교 정류장),37.464619,127.10685
1931,2426,강남한신휴플러스 6단지,37.468296,127.104698
1932,2427,개포고등학교 정문앞,37.484852,127.058373
1933,2428,롯데리아 개포점앞,37.482368,127.061188
1934,2429,압구정로데오역 6번출구,37.527454,127.040428
1935,2430,강남파이낸스센터앞(역삼역2번출구),37.500244,127.036057
1936,2431,대치역 7번출구,37.494118,127.062904
1937,1201,가락시장역 3번 출구,37.493179,127.118546
1938,1203,밀리아나2빌딩 앞,37.493729,127.120621
1939,1204,거여역 3번출구,37.493343,127.14473
1940,1205,종합운동장역 4번출구,37.510429,127.071373
1941,1206,9호선종합운동장역 9번출구,37.51128,127.078239
1942,1207,마천CU우방점 앞,37.499756,127.152504
1943,1208,풍납현대아파트쉼터,37.529675,127.119789
1944,1209,잠실나루역 (2번 출구 쪽),37.520451,127.104202
1945,1210,롯데월드타워(잠실역2번출구 쪽),37.513126,127.10096
1946,1211,방이삼거리,37.512104,127.10778
1947,1212,송파역 2번 출구앞,37.499413,127.112869
1948,1213,백토공원 앞,37.50766,127.132736
1949,1214,오금역 7번 출구 인근,37.502594,127.127647
1950,1215,올림픽공원역 1번출구 앞,37.516571,127.131538
1951,1217,송파파인타운 7단지,37.479305,127.129799
1952,1218,방이역 4번출구,37.508968,127.125839
1953,1220,잠실본동주민센터뒤 잠실근린공원,37.505692,127.084038
1954,1221,삼전사거리 포스코더샵,37.5042,127.087532
1955,1222,잠실새내역 5번 출구 뒤,37.511982,127.085052
1956,1224,아시아지하보도 2번 출구,37.512169,127.078934
1957,1226,잠실4동 주민센터 옆,37.520077,127.112366
1958,1227,거여역 8번출구 뒤,37.493126,127.143822
1959,1228,마천사거리,37.4977,127.146202
1960,1229,송파체육문화회관 앞,37.490688,127.143127
1961,1230,송파중학교 정문,37.49567,127.130592
1962,1231,잠실역 6번출구,37.514088,127.09903
1963,1232,롯데마트 주차장 옆,37.512089,127.096191
1964,1233,잠실3거리(갤러리아팰리스),37.510509,127.093369
1965,1235,잠실트리지움310동 옆,37.508339,127.088142
1966,1239,문정 법조단지3,37.480843,127.118011
1967,1240,문정 법조단지4,37.480576,127.118568
1968,1241,문정 법조단지5,37.481239,127.119797
1969,1242,문정 법조단지6,37.48209,127.119743
1970,1243,문정 법조단지7,37.484531,127.120163
1971,1244,문정 법조단지8,37.481537,127.122124
1972,1245,문정 법조단지9,37.479465,127.125328
1973,1246,문정 법조단지10,37.477509,127.126328
1974,1247,문정 법조단지11,37.478821,127.123512
1975,1248,방이초등학교,37.513962,127.121674
1976,1249,아주중학교건너편,37.505463,127.077347
1977,1250,문정2동 주민센터,37.489872,127.11084
1978,1251,석촌역 2번출구,37.505932,127.10775
1979,1253,오금역 3번 출구 뒤,37.501652,127.128181
1980,1256,문정현대아파트 교차로,37.491131,127.125809
1981,1257,가락시장역 롯데마트앞,37.4921,127.117752
1982,1258,가락미륭아파트 앞,37.493198,127.128998
1983,1259,방이역 1번출구,37.508984,127.126595
1984,1260,방이동 한양3차아파트 옆,37.506302,127.121399
1985,1262,송파여성문화회관 앞,37.505802,127.109718
1986,1263,장지공영차고지,37.480541,127.137016
1987,1264,천호역 10번 출구 앞,37.538582,127.122803
1988,1265,문정동 근린공원,37.486149,127.124802
1989,1266,문정동 글샘 공원,37.478809,127.120003
1990,1267,올림픽공원 남2문 앞,37.51428102,127.122806
1991,1268,몽촌토성역 1번출구 옆,37.51735135,127.11418
1992,1269,리센츠아파트,37.511944,127.091217
1993,1271,송파도서관,37.499985,127.135391
1994,1274,영파여고 앞,37.532848,127.121048
1995,1275,거여초등학교 옆,37.504589,127.139366
1996,1277,오금동 송파 참병원,37.503757,127.137093
1997,1278,송파구청 교차로,37.515831,127.106796
1998,1279,마천금호어울림 1차아파트 건너편,37.497517,127.154678
1999,1280,송파파크데일 2단지입구 앞 주차장,37.495659,127.157173
2000,1282,송파소방서 맞은편(성내4교),37.499874,127.141479
2001,1283,오금공원 사거리,37.505455,127.131752
2002,1285,위례별 유치원 뒤,37.47747,127.144592
2003,1286,위례중앙푸르지오 1단지 앞,37.474377,127.140671
2004,1287,위례아이파크 101동 맞은편,37.477531,127.141518
2005,1288,문정중교 사거리,37.487999,127.131088
2006,1289,풍납동 자전거보관소,37.531471,127.111092
2007,1290,위례송파꿈에그린아파트24단지 앞 성벽 다리 밑,37.474659,127.137718
2008,1291,서울체육고등학교 앞,37.521938,127.131866
2009,1293,석촌호교차로 (스타벅스 앞),37.506561,127.096558
2010,1295,잠실역 8번출구,37.513962,127.100304
2011,1296,석촌호수교차로 (송파나루근린공원 앞),37.508678,127.103432
2012,1297,석촌호수교차로(동호 팔각정 앞),37.509201,127.104118
2013,1299,송파소방서 (방이119안전센터),37.519878,127.136711
2014,1300,오륜사거리,37.506939,127.139221
2015,2601,석촌호수 서호사거리,37.506748,127.098831
2016,2603,송파 글마루 도서관,37.480801,127.130341
2017,2604,삼표레미콘 앞,37.531311,127.111282
2018,2605,복정역 1번 출구 앞,37.471298,127.12709
2019,2606,위례동주민센터 맞은편 근린공원,37.481739,127.143227
2020,2607,복정역 2번출구 후문 (장지치안센터),37.47065,127.127113
2021,2608,송파구청,37.514359,127.106194
2022,2609,보성중고등학교 후문 앞,37.520489,127.135201
2023,2610,여흥레이크빌 앞 (석촌호수 까페거리),37.510441,127.106377
2024,2611,송파지역자활센터 뒤,37.536331,127.11618
2025,2612,문정·가락 대여소 앞,37.489071,127.109299
2026,2613,잠실나들목,37.516781,127.090492
2027,2614,가락고등학교 앞,37.501862,127.117233
2028,2615,테라타워2,37.48835,127.120781
2029,2616,거여동 사거리,37.496078,127.140106
2030,2617,가락삼환아파트 앞,37.496181,127.138031
2031,2618,삼전역 1번출구,37.504711,127.087563
2032,2619,석촌고분역 4번출구,37.502338,127.096443
2033,2620,송파나루역 4번 출구옆,37.509979,127.112312
2034,2621,한성백제역 2번 출구,37.516659,127.116257
2035,2622,올림픽공원역 3번출구,37.516258,127.130592
2036,2623,석촌동 주민센터,37.503624,127.103554
2037,2625,가락1동 주민센터,37.495876,127.108505
2038,2626,경찰병원,37.49543,127.123108
2039,2627,문정시영아파트 5동 앞 공원,37.491123,127.135109
2040,2628,문정역 1번출구,37.486698,127.122444
2041,2629,문정동 힐스데이트 에코 송파,37.485218,127.115402
2042,2630,서울방이동 고분군,37.507866,127.116989
2043,2631,배명고등학교,37.497414,127.096306
2044,2632,석촌고분역 2번 출구,37.502644,127.097397
2045,2633,송파학사 옆,37.47813,127.147217
2046,2634,위례포레샤인아파트 2318동,37.477211,127.137177
2047,2635,잠실새내역 1번출구,37.511295,127.086739
2048,2637,잠실월드 메르디앙,37.511463,127.078812
2049,2638,쌍용아파트,37.526814,127.118149
2050,2639,석촌역 8번출구,37.505505,127.106575
2051,2641,송파역 4번출구,37.497726,127.107033
2052,2642,마천동 성내천 쉼터,37.501495,127.147781
2053,2643,풍납중학교 측면,37.525291,127.112473
2054,2644,성내5교 (GS주유소),37.501984,127.138046
2055,2645,잠실나들목2(엘스아파트136동),37.515049,127.081612
2056,2646,레이클펠리스101동앞,37.507759,127.091293
2057,2647,잠실 자전거 수리센터 앞,37.51157,127.101074
2058,2648,헬리오시티 112동 앞,37.494698,127.104645
2059,2649,오금공원사거리2,37.505444,127.132332
2060,2650,위례22단지 2208동 다리앞,37.47855,127.138138
2061,2651,경찰병원역 3번출구 앞,37.495773,127.12458
2062,2652,송파 레미니스1단지 102동 앞,37.508831,127.134262
2063,2653,올림픽공원사거리(선수촌아파트),37.511498,127.12912
2064,2654,올림픽선수촌아파트 136동 앞,37.509975,127.133698
2065,2655,송이공원,37.50058,127.118843
2066,2656,풍납동 아이파크 107동 앞,37.524525,127.11451
2067,2657,송파 파인타운 11단지,37.478825,127.132668
2068,2658,가락몰 업무동,37.49545581,127.1156418
2069,2659,서울친환경유통센터,37.49432082,127.1047297
2070,1001,광진교 남단 사거리(디지털프라자앞),37.541805,127.124718
2071,1002,해공공원(천호동),37.545219,127.125916
2072,1003,해공도서관앞,37.543915,127.125458
2073,1004,삼성광나루아파트 버스정류장,37.553349,127.12886
2074,1006,롯데캐슬 115동앞,37.55492,127.142799
2075,1007,암사동 선사유적지,37.559517,127.130844
2076,1008,암사역 3번출구(국민은행앞),37.549549,127.127151
2077,1009,천호역4번출구(현대백화점),37.538658,127.124214
2078,1010,강동세무서,37.534481,127.138344
2079,1011,LIGA 아파트 앞,37.534771,127.135239
2080,1012,서울 상운차량,37.536026,127.122726
2081,1013,강동구청역 1번 출입구,37.530773,127.120926
2082,1014,강동구평생학습관앞,37.5508,127.142624
2083,1015,샛마을 근린공원,37.550079,127.146912
2084,1016,해뜨는 주유소옆 리엔파크 109동앞,37.559399,127.171158
2085,1017,맥도날드(길동),37.535473,127.145172
2086,1018,둔촌 주공 GS 맞은편,37.524681,127.135406
2087,1019,다성이즈빌아파트(호원대 대각선 맞은편),37.526825,127.130028
2088,1020,강동경찰서,37.52829,127.126801
2089,1021,강일동 리슈빌 빌딩앞,37.564301,127.17395
2090,1022,길동 사거리(초소앞),37.533764,127.138031
2091,1023,한국종합기술사옥 앞,37.549999,127.17469
2092,1024,강동구청 앞,37.529251,127.123108
2093,1025,상일초등학교,37.546841,127.172516
2094,1026,대명초교 입구 교차로,37.546631,127.155884
2095,1027,프라자 아파트 앞,37.535999,127.147697
2096,1028,포레스 주상복합 빌딩,37.5331,127.12278
2097,1029,롯데 시네마,37.536541,127.125397
2098,1030,미호 플랜트 앞,37.527061,127.12207
2099,1031,암사동 CBIS,37.555851,127.129898
2100,1032,선사고등학교,37.556728,127.136208
2101,1033,고덕동 아남아파트,37.557991,127.144707
2102,1034,고덕동 래미안 힐스테이트,37.561909,127.150749
2103,1035,고덕역 4번출구,37.555016,127.155273
2104,1036,고덕동 주양쇼핑,37.551998,127.153297
2105,1037,강일리버파크 6단지,37.562588,127.177612
2106,1038,강일 다솜 어린이 공원,37.568668,127.174797
2107,1039,고덕초등학교,37.561279,127.167801
2108,1041,묘곡초등학교,37.559196,127.153297
2109,1042,강일리버파크 2~5단지,37.568562,127.177002
2110,1044,굽은다리역,37.545399,127.142601
2111,1047,건강보험 강동지사kt,37.536381,127.137253
2112,1048,동부기업(둔촌동),37.531013,127.142365
2113,1049,강일리버파크 10단지,37.56118,127.180267
2114,1050,둔촌역 3번 출입구,37.526695,127.135529
2115,1051,양지시장 (용성약국앞) 입구,37.554829,127.137321
2116,1052,리싸이클시티,37.556469,127.156822
2117,1053,동명근린공원 진입로 (아리수로),37.562538,127.164528
2118,1054,말우물 어린이 공원,37.560009,127.169579
2119,1056,강일리버파크 7~11단지,37.563332,127.179092
2120,1057,능골근린공원,37.55579,127.173813
2121,1058,고덕숲 아이파크 1,37.553471,127.165001
2122,1059,래미안 강동팰리스(102동),37.538181,127.131752
2123,1060,천일초교 사거리,37.544659,127.132637
2124,1061,천호초교 입구 사거리(일주빌딩),37.546928,127.134621
2125,1062,고덕숲 아이파크 2,37.551079,127.162621
2126,3539,서원마을,37.56382,127.132843
2127,1063,강동롯데캐슬퍼스트 아파트(관리동),37.556664,127.142738
2128,1064,중앙보훈병원역 1번출구,37.527794,127.147644
2129,1065,보훈병원 정문옆(중앙대영약국),37.531208,127.149269
2130,1066,생태공원앞 교차로(조명탑),37.537766,127.152016
2131,1067,한영중고앞사거리,37.549053,127.156403
2132,1068,명일파출소,37.55365,127.156227
2133,1069,강동경희대학교병원 입구,37.553055,127.156883
2134,1070,(시립)고덕평생학습관,37.555702,127.157921
2135,1071,명일근린공원공동체텃밭,37.555687,127.159912
2136,1072,고덕역 5번출구,37.554863,127.153725
2137,1073,SSTS 몰 앞,37.541145,127.141052
2138,1074,대명초교입구 사거리,37.546837,127.149162
2139,1075,천동초교 삼거리,37.541363,127.137184
2140,1076,전자랜드 길동점,37.539894,127.141037
2141,1077,강동역 1번출구 앞,37.536205,127.132561
2142,1078,둔촌사거리,37.521976,127.133621
2143,1079,강일동입구교차로,37.561844,127.170845
2144,1080,엘웨딩,37.536831,127.128418
2145,1081,트레빌빌딩,37.536999,127.129532
2146,1082,중앙보훈병원역3번출구,37.52956,127.14901
2147,1083,광문고교사거리(아이파크),37.560368,127.156593
2148,1084,윤선생빌딩(JYP사옥),37.52393,127.129128
2149,1085,래미안 솔베뉴(고덕로),37.554569,127.145874
2150,1086,래미안 솔베뉴(구천면로),37.550598,127.145454
2151,1088,풍납사거리(강동),37.528122,127.119522
2152,1089,고덕 래미안힐스테이트(201동),37.5606,127.146698
2153,1090,상일동역 2번출구 앞,37.556789,127.166145
